回答者,AC,BE,CO,HE,PO,SE,SD,ST,TR,UN
user,-0.8771929824561404,1.7894736842105265,1.7894736842105265,1.1228070175438596,-2.0438596491228074,-0.04385964912280693,0.28947368421052655,-1.543859649122807,-0.2105263157894739,0.678362573099415
1,-0.4035087719298245,2.263157894736842,0.429824561403509,0.26315789473684204,-1.5701754385964914,-0.4035087719298245,0.929824561403509,-0.4035087719298245,-0.07017543859649145,0.37426900584795275
2,-0.1929824561403506,1.807017543859649,0.6403508771929829,0.47368421052631593,-1.6929824561403508,-0.1929824561403506,1.140350877192983,-0.5263157894736841,-0.35964912280701755,0.36257309941520477
3,-0.3508771929824559,1.6491228070175437,0.4824561403508776,0.3157894736842106,-1.350877192982456,-0.18421052631578938,0.9824561403508776,-0.6842105263157894,0.3157894736842106,0.20467836257309946
llm,-0.31578947368421034,1.9064327485380117,0.5175438596491232,0.3508771929824562,-1.5380116959064327,-0.2602339181286548,1.017543859649123,-0.5380116959064326,-0.038011695906432795,0.313840155945419
