回答者,AC,BE,CO,HE,PO,SE,SD,ST,TR,UN
user,-3.43859649122807,1.2280701754385968,1.5614035087719298,0.8947368421052628,-3.43859649122807,0.5614035087719298,1.5614035087719298,-0.7719298245614037,0.06140350877192979,1.5614035087719298
1,-0.5964912280701755,2.2368421052631575,0.5701754385964914,1.0701754385964914,-1.7631578947368423,-1.263157894736842,2.0701754385964914,0.070175438596491,-0.26315789473684204,-0.04093567251462016
2,-0.6666666666666665,2.0000000000000004,0.5000000000000004,1.3333333333333335,-1.9999999999999998,-1.1666666666666665,1.6666666666666665,0.0,0.16666666666666696,0.22222222222222232
3,-0.7017543859649122,2.131578947368421,0.4649122807017547,1.2982456140350878,-2.0350877192982457,-1.5350877192982457,1.7982456140350878,0.29824561403508776,0.13157894736842124,0.29824561403508776
llm,-0.6549707602339181,2.1228070175438596,0.5116959064327489,1.233918128654971,-1.9327485380116958,-1.3216374269005848,1.845029239766082,0.12280701754385959,0.011695906432748723,0.15984405458089665
