回答者,AC,BE,CO,HE,PO,SE,SD,ST,TR,UN
user,-0.3333333333333339,1.166666666666666,0.5,0.6666666666666661,-2.5000000000000004,0.33333333333333304,1.333333333333333,-0.666666666666667,0.16666666666666607,1.0
1,1.280701754385965,1.280701754385965,-0.052631578947368585,0.9473684210526319,-1.8859649122807018,-0.052631578947368585,1.9473684210526319,-0.3859649122807016,-0.7192982456140351,0.2807017543859649
2,1.0701754385964914,0.9035087719298245,0.07017543859649145,0.7368421052631584,-1.596491228070175,-0.09649122807017507,1.7368421052631584,0.07017543859649145,-0.763157894736842,0.5146198830409361
3,1.2280701754385963,1.0614035087719293,0.2280701754385963,0.8947368421052633,-1.9385964912280704,-0.10526315789473717,1.8947368421052633,0.2280701754385963,-0.6052631578947372,0.11695906432748515
llm,1.1929824561403508,1.0818713450292397,0.08187134502923972,0.8596491228070179,-1.807017543859649,-0.08479532163742694,1.8596491228070178,-0.029239766081871288,-0.6959064327485381,0.304093567251462
