回答者,AC,BE,CO,HE,PO,SE,SD,ST,TR,UN
user,-1.105263157894737,0.2280701754385963,0.2280701754385963,0.8947368421052628,-1.605263157894737,1.3947368421052633,0.39473684210526283,-1.105263157894737,0.5614035087719298,0.5614035087719298
1,-0.03508771929824528,1.9649122807017543,1.9649122807017543,1.2982456140350882,-2.201754385964912,0.13157894736842124,0.6315789473684212,-1.3684210526315788,0.13157894736842124,-0.5906432748538011
2,-0.10526315789473717,1.7280701754385963,1.7280701754385963,1.8947368421052633,-1.9385964912280704,-0.10526315789473717,0.5614035087719293,-1.4385964912280702,0.2280701754385963,-0.32748538011695905
3,-0.12280701754385959,2.043859649122807,1.37719298245614,1.543859649122807,-2.1228070175438596,0.04385964912280693,1.043859649122807,-1.456140350877193,0.04385964912280693,-0.45614035087719307
llm,-0.08771929824561402,1.912280701754386,1.6900584795321636,1.5789473684210529,-2.087719298245614,0.023391812865497002,0.7456140350877192,-1.4210526315789476,0.13450292397660815,-0.4580896686159844
