回答者,AC,BE,CO,HE,PO,SE,SD,ST,TR,UN
user,1.3157894736842106,1.3157894736842106,-0.5175438596491224,1.6491228070175445,-0.3508771929824559,0.14912280701754455,1.9824561403508776,0.9824561403508776,-0.5175438596491224,-1.350877192982456
1,2.4385964912280698,1.2719298245614037,-0.22807017543859676,1.7719298245614037,-0.8947368421052633,-0.8947368421052633,1.9385964912280698,0.4385964912280702,-0.7280701754385968,-0.8947368421052633
2,2.31578947368421,0.8157894736842106,-0.18421052631578938,1.649122807017544,-1.0175438596491229,-0.6842105263157894,2.31578947368421,-0.01754385964912286,-0.6842105263157894,-0.6842105263157894
3,1.8245614035087723,0.9912280701754388,-0.17543859649122817,1.8245614035087723,-1.3421052631578947,-1.0087719298245614,2.3245614035087723,0.1578947368421053,-0.3421052631578947,-0.6198830409356724
llm,2.1929824561403506,1.0263157894736843,-0.1959064327485381,1.7485380116959066,-1.0847953216374269,-0.8625730994152047,2.1929824561403506,0.1929824561403509,-0.584795321637427,-0.732943469785575
