回答者,AC,BE,CO,HE,PO,SE,SD,ST,TR,UN
user,-1.280701754385965,0.7192982456140351,1.885964912280702,0.3859649122807016,-1.9473684210526316,0.8859649122807021,1.385964912280702,-1.6140350877192982,-0.6140350877192984,0.3859649122807016
1,1.2631578947368425,0.9298245614035086,0.26315789473684204,0.9298245614035086,-1.9035087719298245,-0.570175438596491,2.2631578947368425,0.5964912280701755,-0.4035087719298245,-0.18128654970760216
2,1.385964912280702,0.3859649122807016,-0.11403508771929838,1.385964912280702,-1.6140350877192982,-0.7807017543859649,2.052631578947368,1.0526315789473681,-0.2807017543859649,0.052631578947368585
3,1.1929824561403506,0.02631578947368407,0.02631578947368407,1.5263157894736845,-1.6403508771929824,-0.47368421052631593,2.5263157894736845,1.1929824561403506,-0.30701754385964897,-0.36257309941520477
llm,1.2807017543859651,0.4473684210526314,0.058479532163742576,1.2807017543859651,-1.7192982456140349,-0.6081871345029239,2.2807017543859653,0.9473684210526314,-0.3304093567251461,-0.16374269005847944
