回答者,AC,BE,CO,HE,PO,SE,SD,ST,TR,UN
user,0.7192982456140351,-0.7807017543859649,-0.2807017543859649,1.0526315789473681,0.7192982456140351,0.5526315789473686,2.719298245614035,1.0526315789473681,-0.9473684210526314,-1.1695906432748537
1,0.7719298245614032,0.10526315789473673,1.1052631578947367,-0.22807017543859676,-1.3947368421052633,0.9385964912280702,1.7719298245614037,-0.8947368421052633,-0.5614035087719298,-0.22807017543859676
2,0.7192982456140351,-0.11403508771929793,1.0526315789473686,-0.2807017543859649,-1.4473684210526314,1.0526315789473686,1.7192982456140355,-0.9473684210526314,-0.4473684210526314,-0.058479532163742576
3,0.38596491228070207,0.2192982456140351,1.0526315789473686,0.7192982456140351,-1.6140350877192982,0.8859649122807021,1.7192982456140355,-1.2807017543859647,-0.2807017543859649,-0.2807017543859649
llm,0.6257309941520468,0.0701754385964913,1.0701754385964912,0.07017543859649115,-1.4853801169590641,0.9590643274853803,1.7368421052631582,-1.04093567251462,-0.4298245614035087,-0.18908382066276808
