回答者,AC,BE,CO,HE,PO,SE,SD,ST,TR,UN
user,0.5789473684210522,0.07894736842105265,0.07894736842105265,1.2456140350877192,-1.0877192982456143,-0.9210526315789473,1.5789473684210522,1.5789473684210522,0.07894736842105265,0.24561403508771917
1,2.421052631578948,0.42105263157894735,-0.4122807017543857,1.4210526315789478,-1.7456140350877192,-1.0789473684210527,2.254385964912281,1.7543859649122808,-0.9122807017543857,0.19883040935672547
2,2.368421052631579,0.7017543859649122,-0.4649122807017543,1.3684210526315792,-1.7982456140350878,-0.9649122807017543,2.2017543859649122,1.3684210526315792,-1.1315789473684212,0.36842105263157876
3,2.3508771929824563,1.0175438596491224,-0.48245614035087714,1.3508771929824563,-1.4824561403508774,-1.149122807017544,2.1842105263157894,1.3508771929824563,-1.3157894736842106,0.23976608187134474
llm,2.380116959064328,0.7134502923976607,-0.4532163742690057,1.3801169590643276,-1.675438596491228,-1.064327485380117,2.213450292397661,1.491228070175439,-1.1198830409356726,0.2690058479532163
