回答者,AC,BE,CO,HE,PO,SE,SD,ST,TR,UN
user,1.2631578947368416,-0.9035087719298249,1.5964912280701755,1.9298245614035086,-2.9035087719298245,-0.736842105263158,1.7631578947368416,0.5964912280701755,-0.5701754385964914,1.2631578947368416
1,1.6491228070175437,1.1491228070175437,0.8157894736842106,1.3157894736842106,-1.8508771929824563,-1.1842105263157898,2.3157894736842106,0.3157894736842102,-1.0175438596491229,-0.12865497076023402
2,1.3508771929824563,1.3508771929824563,0.5175438596491229,1.3508771929824563,-1.8157894736842106,-1.3157894736842106,2.3508771929824563,0.3508771929824559,-0.6491228070175441,-0.20467836257309946
3,1.4912280701754388,1.4912280701754388,0.49122807017543835,1.4912280701754388,-1.6754385964912282,-1.1754385964912282,1.8245614035087718,-0.17543859649122817,-0.5087719298245617,-0.17543859649122817
llm,1.4970760233918128,1.3304093567251463,0.6081871345029239,1.385964912280702,-1.7807017543859651,-1.2251461988304095,2.1637426900584793,0.1637426900584793,-0.7251461988304095,-0.16959064327485388
