回答者,AC,BE,CO,HE,PO,SE,SD,ST,TR,UN
user,-0.22807017543859676,0.7719298245614032,0.9385964912280702,0.10526315789473628,-0.3947368421052633,0.27192982456140324,0.6052631578947363,-1.2280701754385968,0.27192982456140324,0.21637426900584789
1,-0.10526315789473717,1.8947368421052633,-0.10526315789473717,1.2280701754385963,-2.2719298245614037,0.2280701754385963,1.8947368421052633,-0.4385964912280702,-0.10526315789473717,0.005847953216373991
2,-0.6315789473684212,1.8684210526315788,0.5350877192982457,1.3684210526315788,-1.9649122807017545,0.03508771929824528,2.0350877192982457,-0.6315789473684212,0.03508771929824528,-0.5204678362573101
3,-0.07017543859649145,1.763157894736842,-0.07017543859649145,1.263157894736842,-2.0701754385964914,-0.23684210526315796,1.929824561403509,-0.736842105263158,0.09649122807017552,0.15204678362573087
llm,-0.26900584795321664,1.8421052631578947,0.11988304093567237,1.286549707602339,-2.10233918128655,0.008771929824561209,1.953216374269006,-0.6023391812865498,0.008771929824561209,-0.1208576998050684
