回答者,AC,BE,CO,HE,PO,SE,SD,ST,TR,UN
user,-1.0350877192982453,1.4649122807017543,1.2982456140350882,-0.03508771929824572,-2.2017543859649122,-0.03508771929824572,1.2982456140350882,-1.0350877192982453,0.2982456140350882,0.742690058479532
1,-0.03508771929824572,1.6315789473684208,0.4649122807017547,0.9649122807017547,-2.2017543859649122,-0.36842105263157876,1.4649122807017547,-1.0350877192982457,0.29824561403508776,0.4093567251461985
2,-0.36842105263157876,1.7982456140350878,-0.20175438596491224,1.2982456140350878,-1.868421052631579,-0.36842105263157876,1.6315789473684208,-1.0350877192982457,0.13157894736842124,0.5204678362573101
3,-0.5263157894736841,1.640350877192983,0.3070175438596494,1.140350877192983,-1.526315789473684,-0.5263157894736841,1.807017543859649,-0.8596491228070176,0.14035087719298245,0.029239766081871288
llm,-0.3099415204678362,1.6900584795321638,0.19005847953216395,1.1345029239766085,-1.8654970760233918,-0.4210526315789472,1.6345029239766082,-0.976608187134503,0.19005847953216382,0.3196881091617933
