回答者,AC,BE,CO,HE,PO,SE,SD,ST,TR,UN
user,0.47368421052631593,0.640350877192982,0.9736842105263159,0.47368421052631593,-0.02631578947368407,0.140350877192982,0.9736842105263159,-0.5263157894736845,-0.35964912280701755,-0.3040935672514622
1,0.052631578947368585,1.3859649122807016,0.21929824561403555,1.7192982456140355,-1.9473684210526314,0.21929824561403555,1.3859649122807016,0.3859649122807016,-0.4473684210526314,0.052631578947368585
2,-0.052631578947368585,1.780701754385965,-0.5526315789473686,1.9473684210526319,-1.8859649122807018,0.2807017543859649,1.4473684210526319,0.2807017543859649,-0.2192982456140351,-0.052631578947368585
3,-0.24561403508771962,1.5877192982456139,0.08771929824561386,2.087719298245614,-2.078947368421053,0.2543859649122808,1.7543859649122808,0.08771929824561386,-0.7456140350877196,0.08771929824561386
llm,-0.08187134502923987,1.5847953216374269,-0.08187134502923972,1.9181286549707603,-1.9707602339181287,0.2514619883040938,1.5292397660818715,0.25146198830409344,-0.4707602339181287,0.029239766081871288
