回答者,AC,BE,CO,HE,PO,SE,SD,ST,TR,UN
user,-0.07017543859649145,-1.0701754385964912,2.429824561403509,1.263157894736842,-1.236842105263158,1.429824561403509,1.0964912280701755,-1.4035087719298247,0.09649122807017552,-0.8479532163742691
1,-0.10526315789473673,0.7280701754385968,-0.27192982456140324,1.5614035087719302,-1.6052631578947367,-0.27192982456140324,1.5614035087719302,1.2280701754385963,0.06140350877192979,0.005847953216374435
2,0.7017543859649122,1.2017543859649127,-0.6315789473684208,1.7017543859649127,-1.4649122807017543,-0.1315789473684208,1.5350877192982457,1.0350877192982457,-0.6315789473684208,-0.07602339181286544
3,0.3157894736842106,1.3157894736842102,-0.6842105263157894,1.649122807017544,-1.5175438596491229,-0.5175438596491229,1.9824561403508771,0.9824561403508771,-0.6842105263157894,0.0935672514619883
llm,0.304093567251462,1.0818713450292399,-0.5292397660818712,1.6374269005847957,-1.5292397660818713,-0.30701754385964897,1.692982456140351,1.0818713450292397,-0.4181286549707601,0.007797270955165765
