回答者,AC,BE,CO,HE,PO,SE,SD,ST,TR,UN
user,-0.7017543859649122,0.13157894736842124,-0.03508771929824528,0.9649122807017543,-0.8684210526315788,0.4649122807017547,1.7982456140350882,-0.36842105263157876,-0.36842105263157876,0.4093567251461989
1,0.8245614035087718,0.9912280701754388,-0.17543859649122817,2.491228070175439,-1.5087719298245614,-0.8421052631578947,1.9912280701754388,1.1578947368421049,-0.5087719298245617,-0.3976608187134505
2,0.42105263157894735,0.9210526315789478,0.08771929824561431,2.421052631578948,-1.412280701754386,-1.0789473684210527,2.087719298245614,1.4210526315789478,-0.5789473684210527,-0.35672514619883033
3,0.9473684210526314,1.4473684210526314,-0.5526315789473681,2.6140350877192984,-1.7192982456140349,-0.5526315789473681,1.9473684210526314,1.6140350877192984,-0.7192982456140351,-0.4970760233918128
llm,0.7309941520467835,1.1198830409356726,-0.21345029239766067,2.5087719298245617,-1.546783625730994,-0.8245614035087718,2.0087719298245617,1.3976608187134503,-0.6023391812865498,-0.41715399610136455
