回答者,AC,BE,CO,HE,PO,SE,SD,ST,TR,UN
user,-1.5789473684210527,0.7543859649122804,1.2543859649122804,1.4210526315789473,-0.7456140350877192,0.42105263157894735,1.0877192982456143,-0.5789473684210527,-0.5789473684210527,-0.023391812865497297
1,0.6842105263157894,0.18421052631578938,-0.3157894736842106,2.6842105263157894,-0.48245614035087714,-0.3157894736842106,2.0175438596491224,0.3508771929824559,-0.9824561403508771,-0.20467836257309946
2,1.4210526315789478,0.42105263157894735,-0.9122807017543857,2.754385964912281,-0.07894736842105265,-0.7456140350877192,2.087719298245614,1.0877192982456139,-1.2456140350877192,-0.35672514619883033
3,-0.12280701754385959,0.21052631578947345,-0.45614035087719307,2.543859649122807,-0.45614035087719307,0.21052631578947345,1.87719298245614,0.87719298245614,-0.6228070175438596,-0.45614035087719307
llm,0.6608187134502925,0.2719298245614034,-0.5614035087719298,2.660818713450292,-0.33918128654970764,-0.2836257309941521,1.9941520467836256,0.7719298245614032,-0.9502923976608186,-0.33918128654970764
