回答者,AC,BE,CO,HE,PO,SE,SD,ST,TR,UN
user,-1.2807017543859645,1.385964912280702,1.385964912280702,0.7192982456140351,-2.614035087719298,0.38596491228070207,0.05263157894736903,-1.614035087719298,0.8859649122807021,1.2748538011695913
1,-0.8947368421052633,1.6052631578947372,0.2719298245614037,1.1052631578947372,-1.894736842105263,0.6052631578947372,1.9385964912280702,-0.8947368421052633,-0.5614035087719298,0.10526315789473673
2,-0.8421052631578947,1.4912280701754388,-0.008771929824561209,1.1578947368421058,-1.675438596491228,0.6578947368421058,1.8245614035087718,-0.8421052631578947,-0.5087719298245612,0.1578947368421053
3,-1.1929824561403506,1.807017543859649,0.14035087719298245,1.140350877192983,-1.6929824561403508,0.6403508771929829,1.640350877192983,-0.8596491228070176,-0.35964912280701755,0.029239766081871288
llm,-0.9766081871345028,1.6345029239766085,0.13450292397660832,1.1345029239766087,-1.7543859649122806,0.6345029239766086,1.8011695906432752,-0.8654970760233919,-0.47660818713450287,0.0974658869395711
