回答者,AC,BE,CO,HE,PO,SE,SD,ST,TR,UN
user,-0.26315789473684204,1.070175438596491,0.4035087719298245,1.736842105263158,-1.263157894736842,0.4035087719298245,0.5701754385964914,-1.5964912280701753,0.07017543859649145,0.2923976608187133
1,-0.10526315789473717,1.3947368421052633,0.3947368421052633,1.5614035087719293,-2.105263157894737,-0.2719298245614037,1.2280701754385963,-0.10526315789473717,-0.6052631578947372,0.7836257309941517
2,-0.5964912280701755,1.2368421052631575,0.4035087719298245,1.0701754385964914,-1.9298245614035088,0.070175438596491,1.4035087719298245,-0.26315789473684204,-0.763157894736842,0.8479532163742691
3,-0.07017543859649145,1.096491228070175,0.429824561403509,1.263157894736842,-1.736842105263158,-0.23684210526315796,1.263157894736842,-0.07017543859649145,-0.4035087719298245,0.5964912280701751
llm,-0.25730994152046804,1.242690058479532,0.4093567251461989,1.2982456140350875,-1.9239766081871348,-0.14619883040935688,1.2982456140350875,-0.14619883040935688,-0.5906432748538012,0.742690058479532
