回答者,AC,BE,CO,HE,PO,SE,SD,ST,TR,UN
user,-1.473684210526316,-0.3070175438596494,1.026315789473684,0.8596491228070176,-1.473684210526316,0.1929824561403506,0.8596491228070176,-0.47368421052631593,0.6929824561403506,0.5263157894736841
1,-1.6140350877192984,1.3859649122807016,1.0526315789473686,2.0526315789473686,-1.9473684210526316,0.7192982456140347,0.5526315789473686,-0.2807017543859649,0.05263157894736814,-0.05847953216374302
2,-1.3684210526315788,1.4649122807017543,0.7982456140350882,2.298245614035088,-2.0350877192982457,0.13157894736842124,1.1315789473684212,-0.03508771929824528,0.13157894736842124,-0.2573099415204676
3,-1.3508771929824563,1.1491228070175437,0.3157894736842102,2.3157894736842106,-1.8508771929824563,0.48245614035087714,0.8157894736842106,0.3157894736842102,0.48245614035087714,-0.23976608187134518
llm,-1.4444444444444446,1.3333333333333333,0.7222222222222223,2.2222222222222228,-1.9444444444444446,0.44444444444444436,0.8333333333333335,0.0,0.22222222222222218,-0.18518518518518526
