回答者,AC,BE,CO,HE,PO,SE,SD,ST,TR,UN
user,-0.5964912280701751,0.4035087719298249,1.2368421052631584,1.0701754385964914,-0.42982456140350855,0.5701754385964914,0.23684210526315796,-0.26315789473684204,-0.42982456140350855,-0.15204678362573087
1,-0.35087719298245634,0.8157894736842106,0.6491228070175437,1.649122807017544,-0.8508771929824563,0.9824561403508771,0.48245614035087714,-0.6842105263157894,-0.01754385964912286,-0.5730994152046782
2,-1.263157894736842,0.5701754385964914,1.236842105263158,1.403508771929825,-1.263157894736842,1.236842105263158,0.5701754385964914,-1.5964912280701753,0.23684210526315796,-0.15204678362573087
3,-1.1228070175438596,0.7105263157894739,1.3771929824561404,1.5438596491228074,-1.1228070175438596,1.0438596491228074,0.3771929824561404,-1.4561403508771928,0.3771929824561404,-0.45614035087719307
llm,-0.912280701754386,0.6988304093567254,1.087719298245614,1.5321637426900587,-1.0789473684210527,1.087719298245614,0.476608187134503,-1.2456140350877192,0.19883040935672516,-0.39376218323586737
