回答者,AC,BE,CO,HE,PO,SE,SD,ST,TR,UN
user,-1.0701754385964912,0.09649122807017552,0.429824561403509,1.263157894736842,-1.4035087719298245,0.429824561403509,0.5964912280701755,-1.0701754385964912,0.5964912280701755,0.5964912280701755
1,-0.736842105263158,1.429824561403509,0.929824561403509,0.929824561403509,-2.236842105263158,0.763157894736842,1.596491228070175,-0.736842105263158,-0.5701754385964914,0.15204678362573087
2,-0.6842105263157894,1.3157894736842106,0.9824561403508776,0.9824561403508776,-2.1842105263157894,0.8157894736842106,1.4824561403508776,-1.350877192982456,-0.3508771929824559,0.20467836257309946
3,-0.49122807017543835,1.1754385964912282,0.8421052631578951,0.8421052631578951,-2.1578947368421053,0.8421052631578951,1.3421052631578951,-0.8245614035087718,-0.32456140350877183,0.2865497076023389
llm,-0.6374269005847952,1.3070175438596492,0.9181286549707606,0.9181286549707606,-2.1929824561403506,0.8070175438596493,1.473684210526316,-0.9707602339181286,-0.4152046783625731,0.2144249512670564
