回答者,AC,BE,CO,HE,PO,SE,SD,ST,TR,UN
user,-1.912280701754386,0.2543859649122808,1.2543859649122808,0.42105263157894735,-1.7456140350877192,1.0877192982456139,1.0877192982456139,-1.5789473684210524,0.08771929824561431,0.7543859649122808
1,-0.6491228070175437,1.1842105263157894,0.8508771929824563,1.0175438596491233,-1.982456140350877,0.35087719298245634,2.0175438596491233,-1.6491228070175437,-0.14912280701754366,0.12865497076023402
2,-0.2807017543859649,1.5526315789473686,0.2192982456140351,0.3859649122807016,-1.9473684210526316,0.3859649122807016,2.0526315789473686,-1.280701754385965,0.05263157894736814,0.05263157894736814
3,-0.24561403508771917,1.4210526315789473,-0.41228070175438614,1.4210526315789473,-1.7456140350877194,0.42105263157894735,2.0877192982456143,-1.2456140350877192,-0.24561403508771917,0.19883040935672502
llm,-0.3918128654970759,1.3859649122807018,0.2192982456140351,0.9415204678362574,-1.8918128654970758,0.3859649122807018,2.0526315789473686,-1.3918128654970758,-0.11403508771929823,0.1267056530214424
