回答者,AC,BE,CO,HE,PO,SE,SD,ST,TR,UN
user,1.280701754385965,0.2807017543859649,0.44736842105263097,0.947368421052631,-0.8859649122807021,0.11403508771929793,0.7807017543859649,-0.05263157894736903,0.2807017543859649,0.058479532163742576
1,0.9473684210526314,-0.2192982456140351,0.11403508771929793,2.6140350877192984,-0.8859649122807021,-0.052631578947368585,2.1140350877192984,-0.052631578947368585,-0.7192982456140351,-0.38596491228070207
2,0.8771929824561404,-0.12280701754385959,0.04385964912280693,2.2105263157894735,-0.9561403508771931,0.04385964912280693,1.5438596491228074,-0.45614035087719307,-0.7894736842105261,0.32163742690058506
3,1.0,-0.16666666666666652,0.16666666666666652,2.666666666666667,-0.8333333333333335,0.0,2.166666666666667,-0.6666666666666665,-0.6666666666666665,-0.44444444444444464
llm,0.9415204678362573,-0.16959064327485374,0.10818713450292379,2.4970760233918132,-0.8918128654970762,-0.0029239766081872176,1.9415204678362574,-0.39181286549707606,-0.7251461988304092,-0.16959064327485388
