回答者,AC,BE,CO,HE,PO,SE,SD,ST,TR,UN
user,-0.5964912280701755,1.4035087719298245,0.7368421052631575,1.0701754385964914,-1.929824561403509,0.4035087719298245,0.9035087719298245,-0.929824561403509,0.4035087719298245,0.4035087719298245
1,-0.5614035087719298,1.6052631578947367,0.10526315789473673,1.7719298245614037,-2.3947368421052633,0.7719298245614037,1.2719298245614037,-0.5614035087719298,0.10526315789473673,0.10526315789473673
2,-0.42105263157894735,1.4122807017543861,0.41228070175438614,1.5789473684210522,-1.9210526315789476,0.7456140350877192,0.5789473684210522,-0.42105263157894735,0.24561403508771917,0.023391812865496853
3,-0.6140350877192979,1.3859649122807016,0.5526315789473686,1.7192982456140355,-2.114035087719298,0.7192982456140355,1.2192982456140355,-0.9473684210526314,0.052631578947368585,0.052631578947368585
llm,-0.5321637426900584,1.4678362573099415,0.3567251461988305,1.6900584795321638,-2.1432748538011697,0.7456140350877195,1.023391812865497,-0.6432748538011696,0.13450292397660815,0.060428849902534054
