回答者,AC,BE,CO,HE,PO,SE,SD,ST,TR,UN
user,-1.1929824561403508,0.30701754385964897,0.807017543859649,-0.19298245614035103,-1.0263157894736843,0.807017543859649,0.47368421052631593,-0.8596491228070176,0.6403508771929824,0.36257309941520477
1,0.3333333333333335,1.6666666666666665,0.5000000000000004,-0.6666666666666665,-1.8333333333333333,0.16666666666666696,1.3333333333333335,-0.6666666666666665,-0.33333333333333304,0.5555555555555558
2,-0.10526315789473717,1.3947368421052633,0.2280701754385963,-0.7719298245614037,-2.105263157894737,0.3947368421052633,1.8947368421052633,-0.10526315789473717,-0.4385964912280702,0.672514619883041
3,-0.052631578947368585,1.780701754385965,0.6140350877192979,-1.0526315789473686,-2.052631578947368,0.44736842105263186,0.9473684210526319,-0.3859649122807016,-0.3859649122807016,0.8362573099415203
llm,0.058479532163742576,1.6140350877192982,0.4473684210526316,-0.8304093567251463,-1.9970760233918128,0.3362573099415207,1.3918128654970763,-0.3859649122807018,-0.3859649122807016,0.6881091617933723
