回答者,AC,BE,CO,HE,PO,SE,SD,ST,TR,UN
user,-1.0350877192982453,0.6315789473684212,1.1315789473684212,1.2982456140350882,-2.701754385964912,-0.36842105263157876,1.6315789473684212,0.6315789473684212,0.4649122807017543,0.6315789473684212
1,0.0,0.8333333333333335,0.6666666666666665,1.6666666666666665,-2.1666666666666665,-0.5,1.8333333333333335,0.3333333333333335,-0.6666666666666665,0.5555555555555558
2,-0.052631578947368585,1.114035087719298,0.6140350877192979,1.9473684210526319,-2.219298245614035,-0.5526315789473686,1.9473684210526319,0.2807017543859649,-0.8859649122807016,0.5029239766081872
3,-0.07017543859649145,1.263157894736842,0.5964912280701751,1.929824561403509,-2.236842105263158,-0.9035087719298245,1.763157894736842,0.929824561403509,-0.9035087719298245,0.5964912280701751
llm,-0.04093567251462001,1.0701754385964912,0.6257309941520465,1.8479532163742691,-2.2076023391812867,-0.652046783625731,1.8479532163742691,0.5146198830409358,-0.8187134502923975,0.5516569200779727
