回答者,AC,BE,CO,HE,PO,SE,SD,ST,TR,UN
user,0.7543859649122804,-0.07894736842105265,0.9210526315789473,1.4210526315789473,-0.5789473684210527,-0.24561403508771917,1.4210526315789473,0.42105263157894735,0.08771929824561386,-0.6900584795321638
1,-0.7719298245614037,1.3947368421052633,0.06140350877192979,0.8947368421052633,-1.7719298245614037,-0.4385964912280702,1.8947368421052633,0.2280701754385963,-0.4385964912280702,0.672514619883041
2,-0.7192982456140351,1.4473684210526319,0.11403508771929838,1.280701754385965,-1.8859649122807018,-0.2192982456140351,1.9473684210526319,-0.052631578947368585,-0.3859649122807016,0.3918128654970756
3,-0.7894736842105261,1.3771929824561409,0.2105263157894739,1.210526315789474,-1.6228070175438596,-0.2894736842105261,1.8771929824561409,0.2105263157894739,-0.4561403508771926,0.3216374269005846
llm,-0.7602339181286549,1.406432748538012,0.12865497076023402,1.128654970760234,-1.760233918128655,-0.31578947368421045,1.906432748538012,0.12865497076023388,-0.4269005847953215,0.46198830409356706
