回答者,AC,BE,CO,HE,PO,SE,SD,ST,TR,UN
user,-1.5789473684210524,-0.4122807017543857,0.42105263157894735,1.4210526315789478,-1.412280701754386,1.5877192982456139,0.5877192982456143,-1.2456140350877192,0.7543859649122808,0.5321637426900585
1,-0.12280701754385959,0.7105263157894739,1.8771929824561409,1.210526315789474,-2.289473684210526,-0.4561403508771926,1.210526315789474,-0.4561403508771926,-0.2894736842105261,0.5438596491228069
2,-0.08771929824561431,1.4122807017543861,1.2456140350877192,1.2456140350877192,-2.254385964912281,-0.42105263157894735,1.2456140350877192,-0.42105263157894735,-0.2543859649122808,0.3567251461988299
3,-0.14035087719298245,0.859649122807018,1.359649122807018,1.192982456140351,-2.307017543859649,-0.4736842105263155,1.526315789473684,-0.14035087719298245,-0.6403508771929824,0.7485380116959064
llm,-0.11695906432748544,0.994152046783626,1.4941520467836262,1.216374269005848,-2.2836257309941517,-0.45029239766081847,1.327485380116959,-0.3391812865497075,-0.3947368421052631,0.549707602339181
