回答者,AC,BE,CO,HE,PO,SE,SD,ST,TR,UN
user,-0.8421052631578951,0.9912280701754383,0.9912280701754383,1.1578947368421053,-1.5087719298245617,-0.3421052631578947,0.9912280701754383,-0.5087719298245617,0.3245614035087714,0.6023391812865491
1,0.8771929824561409,1.710526315789474,-0.12280701754385959,0.8771929824561409,-1.6228070175438596,-0.7894736842105261,1.3771929824561409,0.8771929824561409,-0.9561403508771926,0.6549707602339185
2,0.8070175438596494,2.1403508771929824,-0.19298245614035103,0.8070175438596494,-1.692982456140351,-0.8596491228070176,1.6403508771929824,0.8070175438596494,-1.026315789473684,0.4736842105263155
3,0.9122807017543861,1.7456140350877192,-0.08771929824561431,0.9122807017543861,-1.5877192982456143,-0.9210526315789473,1.7456140350877192,0.9122807017543861,-1.0877192982456143,0.4678362573099415
llm,0.8654970760233921,1.8654970760233918,-0.13450292397660832,0.8654970760233921,-1.6345029239766085,-0.8567251461988303,1.587719298245614,0.8654970760233921,-1.023391812865497,0.5321637426900585
