回答者,AC,BE,CO,HE,PO,SE,SD,ST,TR,UN
user,-0.8771929824561404,1.7894736842105265,1.7894736842105265,1.1228070175438596,-2.0438596491228074,-0.04385964912280693,0.28947368421052655,-1.543859649122807,-0.2105263157894739,0.678362573099415
1,0.5964912280701755,0.9298245614035086,0.5964912280701755,1.2631578947368416,-1.736842105263158,-0.23684210526315796,0.7631578947368416,-0.736842105263158,0.9298245614035086,0.15204678362573087
2,1.1754385964912282,1.1754385964912282,0.5087719298245612,1.5087719298245612,-1.4912280701754383,0.5087719298245612,0.17543859649122817,-1.1578947368421053,0.5087719298245612,-0.1578947368421053
3,0.859649122807018,1.192982456140351,0.5263157894736841,1.859649122807018,-1.4736842105263155,-0.14035087719298245,0.19298245614035103,-1.1403508771929824,0.692982456140351,0.08187134502923987
llm,0.8771929824561405,1.0994152046783625,0.5438596491228069,1.5438596491228072,-1.567251461988304,0.04385964912280693,0.37719298245614025,-1.0116959064327486,0.7105263157894736,0.02534113060428848
