回答者,AC,BE,CO,HE,PO,SE,SD,ST,TR,UN
user,-3.43859649122807,1.2280701754385968,1.5614035087719298,0.8947368421052628,-3.43859649122807,0.5614035087719298,1.5614035087719298,-0.7719298245614037,0.06140350877192979,1.5614035087719298
1,0.2807017543859649,1.9473684210526319,0.2807017543859649,1.9473684210526319,-2.219298245614035,-1.7192982456140347,1.9473684210526319,0.9473684210526319,0.11403508771929882,0.058479532163742576
2,-0.05263157894736814,1.9473684210526319,0.6140350877192988,1.9473684210526319,-2.219298245614035,-1.3859649122807016,1.9473684210526319,0.9473684210526319,0.6140350877192988,-0.6081871345029235
3,0.4736842105263155,2.1403508771929824,0.6403508771929824,1.8070175438596494,-2.3596491228070176,-1.8596491228070176,2.1403508771929824,1.4736842105263155,-0.19298245614035103,-0.3040935672514622
llm,0.23391812865497075,2.011695906432749,0.5116959064327488,1.9005847953216375,-2.2660818713450293,-1.6549707602339179,2.011695906432749,1.1228070175438598,0.17836257309941553,-0.2846003898635477
