回答者,AC,BE,CO,HE,PO,SE,SD,ST,TR,UN
user,-0.3333333333333339,1.166666666666666,0.5,0.6666666666666661,-2.5000000000000004,0.33333333333333304,1.333333333333333,-0.666666666666667,0.16666666666666607,1.0
1,1.87719298245614,1.543859649122807,0.04385964912280693,1.87719298245614,-2.1228070175438596,-0.12280701754385959,1.37719298245614,-0.12280701754385959,-0.28947368421052655,-0.3450292397660819
2,1.7017543859649122,1.0350877192982453,-0.13157894736842124,2.368421052631579,-1.631578947368421,-0.29824561403508776,1.5350877192982453,0.03508771929824572,-0.29824561403508776,-0.4093567251461989
3,1.4912280701754388,1.3245614035087718,0.1578947368421053,1.8245614035087718,-2.008771929824561,-0.5087719298245612,1.4912280701754388,-0.17543859649122773,-0.17543859649122773,-0.06432748538011657
llm,1.6900584795321638,1.3011695906432748,0.023391812865497002,2.0233918128654973,-1.9210526315789476,-0.3099415204678362,1.4678362573099413,-0.08771929824561386,-0.25438596491228066,-0.27290448343079915
