回答者,AC,BE,CO,HE,PO,SE,SD,ST,TR,UN
user,-1.105263157894737,0.2280701754385963,0.2280701754385963,0.8947368421052628,-1.605263157894737,1.3947368421052633,0.39473684210526283,-1.105263157894737,0.5614035087719298,0.5614035087719298
1,-0.4912280701754388,2.3421052631578942,1.6754385964912282,2.175438596491228,-2.3245614035087723,0.008771929824561209,0.8421052631578942,-1.1578947368421053,0.3421052631578947,-0.9356725146198834
2,-0.5614035087719298,2.2719298245614032,1.4385964912280702,2.105263157894737,-2.394736842105263,0.10526315789473673,1.1052631578947372,-1.2280701754385963,0.2719298245614037,-0.7836257309941521
3,-0.05263157894736814,2.4473684210526314,0.9473684210526314,2.2807017543859653,-2.219298245614035,-0.3859649122807016,2.2807017543859653,-1.0526315789473681,-0.2192982456140351,-1.1637426900584793
llm,-0.3684210526315789,2.353801169590643,1.3538011695906433,2.187134502923977,-2.3128654970760234,-0.09064327485380123,1.409356725146199,-1.1461988304093567,0.1315789473684211,-0.9610136452241717
