回答者,AC,BE,CO,HE,PO,SE,SD,ST,TR,UN
user,1.3157894736842106,1.3157894736842106,-0.5175438596491224,1.6491228070175445,-0.3508771929824559,0.14912280701754455,1.9824561403508776,0.9824561403508776,-0.5175438596491224,-1.350877192982456
1,2.421052631578947,1.0877192982456139,-0.41228070175438614,2.754385964912281,-1.2456140350877194,-0.41228070175438614,2.754385964912281,0.42105263157894735,-1.0789473684210529,-1.3567251461988306
2,2.421052631578947,1.7543859649122808,-0.7456140350877196,2.754385964912281,-1.5789473684210529,-0.24561403508771962,2.421052631578947,0.7543859649122804,-1.4122807017543861,-1.1345029239766085
3,2.5614035087719302,1.5614035087719302,-0.7719298245614032,2.2280701754385963,-1.6052631578947367,-1.43859649122807,2.8947368421052633,1.8947368421052633,-1.2719298245614035,-0.7719298245614032
llm,2.467836257309941,1.4678362573099417,-0.6432748538011697,2.5789473684210527,-1.476608187134503,-0.6988304093567251,2.690058479532164,1.023391812865497,-1.2543859649122808,-1.087719298245614
