回答者,AC,BE,CO,HE,PO,SE,SD,ST,TR,UN
user,-1.280701754385965,0.7192982456140351,1.885964912280702,0.3859649122807016,-1.9473684210526316,0.8859649122807021,1.385964912280702,-1.6140350877192982,-0.6140350877192984,0.3859649122807016
1,2.1578947368421053,0.6578947368421053,-0.3421052631578947,2.1578947368421053,-1.675438596491228,-1.175438596491228,2.1578947368421053,1.1578947368421053,-0.5087719298245612,-0.28654970760233933
2,2.0175438596491233,0.5175438596491229,-0.48245614035087714,2.3508771929824563,-1.482456140350877,-0.9824561403508769,2.3508771929824563,1.0175438596491229,-0.48245614035087714,-0.5380116959064325
3,2.754385964912281,1.2543859649122808,-0.5789473684210527,2.087719298245614,-1.7456140350877194,-1.2456140350877194,2.087719298245614,0.7543859649122804,-0.41228070175438614,-0.4678362573099415
llm,2.3099415204678366,0.8099415204678363,-0.4678362573099415,2.198830409356725,-1.6345029239766082,-1.1345029239766082,2.198830409356725,0.9766081871345028,-0.4678362573099415,-0.43079922027290446
