回答者,AC,BE,CO,HE,PO,SE,SD,ST,TR,UN
user,0.7192982456140351,-0.7807017543859649,-0.2807017543859649,1.0526315789473681,0.7192982456140351,0.5526315789473686,2.719298245614035,1.0526315789473681,-0.9473684210526314,-1.1695906432748537
1,1.3684210526315788,-0.13157894736842124,1.3684210526315788,-0.29824561403508776,-1.4649122807017545,1.7017543859649118,1.7017543859649118,-1.298245614035088,-0.13157894736842124,-1.0760233918128657
2,0.4385964912280702,-0.3947368421052633,1.1052631578947367,0.10526315789473673,-1.394736842105263,1.4385964912280702,2.2719298245614032,-0.894736842105263,-0.06140350877192979,-1.0058479532163742
3,1.1754385964912282,0.17543859649122817,1.1754385964912282,-0.49122807017543835,-1.657894736842105,1.8421052631578951,2.008771929824561,-1.157894736842105,-0.1578947368421053,-1.157894736842105
llm,0.9941520467836257,-0.11695906432748544,1.2163742690058479,-0.22807017543859645,-1.5058479532163742,1.6608187134502923,1.9941520467836256,-1.1169590643274854,-0.11695906432748544,-1.0799220272904482
