回答者,AC,BE,CO,HE,PO,SE,SD,ST,TR,UN
user,0.5789473684210522,0.07894736842105265,0.07894736842105265,1.2456140350877192,-1.0877192982456143,-0.9210526315789473,1.5789473684210522,1.5789473684210522,0.07894736842105265,0.24561403508771917
1,2.8596491228070176,1.0263157894736845,-0.47368421052631593,1.1929824561403506,-1.9736842105263157,-1.6403508771929824,2.8596491228070176,0.8596491228070176,-1.1403508771929824,0.3040935672514622
2,2.456140350877193,1.62280701754386,0.28947368421052655,1.456140350877193,-2.3771929824561404,-1.2105263157894735,2.456140350877193,1.789473684210526,-1.8771929824561402,0.011695906432748426
3,2.6140350877192984,1.7807017543859653,0.11403508771929838,1.6140350877192984,-2.219298245614035,-1.8859649122807016,2.6140350877192984,1.6140350877192984,-1.5526315789473684,-0.05263157894736814
llm,2.6432748538011697,1.4766081871345034,-0.023391812865497002,1.4210526315789476,-2.190058479532164,-1.5789473684210524,2.6432748538011697,1.4210526315789476,-1.5233918128654969,0.08771929824561416
