回答者,AC,BE,CO,HE,PO,SE,SD,ST,TR,UN
user,1.2631578947368416,-0.9035087719298249,1.5964912280701755,1.9298245614035086,-2.9035087719298245,-0.736842105263158,1.7631578947368416,0.5964912280701755,-0.5701754385964914,1.2631578947368416
1,1.6140350877192984,2.2807017543859645,1.6140350877192984,1.9473684210526314,-2.0526315789473686,-1.8859649122807018,2.6140350877192984,-0.38596491228070207,-1.3859649122807018,-0.8304093567251463
2,1.5263157894736845,2.0263157894736845,-0.14035087719298245,1.8596491228070176,-2.1403508771929824,-1.1403508771929824,2.6929824561403506,0.8596491228070176,-0.807017543859649,-0.6959064327485378
3,1.578947368421053,2.078947368421053,0.9122807017543861,1.9122807017543861,-2.087719298245614,-1.4210526315789471,2.578947368421053,0.5789473684210527,-1.2543859649122806,-0.8654970760233915
llm,1.5730994152046787,2.128654970760234,0.7953216374269007,1.9064327485380117,-2.0935672514619883,-1.482456140350877,2.628654970760234,0.35087719298245607,-1.1491228070175439,-0.7972709551656919
