回答者,AC,BE,CO,HE,PO,SE,SD,ST,TR,UN
user,-0.22807017543859676,0.7719298245614032,0.9385964912280702,0.10526315789473628,-0.3947368421052633,0.27192982456140324,0.6052631578947363,-1.2280701754385968,0.27192982456140324,0.21637426900584789
1,-0.2105263157894739,1.1228070175438591,0.9561403508771931,2.122807017543859,-2.0438596491228074,0.6228070175438596,0.6228070175438596,-1.210526315789474,0.6228070175438596,-0.4327485380116962
2,-0.4912280701754388,1.1754385964912282,0.6754385964912282,2.175438596491228,-2.3245614035087723,0.6754385964912282,1.3421052631578942,-1.4912280701754388,0.5087719298245612,-0.26900584795321647
3,0.10526315789473673,1.1052631578947372,0.6052631578947372,2.43859649122807,-2.2280701754385968,0.2719298245614037,1.2719298245614032,-0.8947368421052633,0.2719298245614037,-0.2280701754385963
llm,-0.19883040935672533,1.1345029239766082,0.7456140350877195,2.245614035087719,-2.1988304093567255,0.5233918128654972,1.0789473684210524,-1.1988304093567252,0.4678362573099415,-0.30994152046783635
