回答者,AC,BE,CO,HE,PO,SE,SD,ST,TR,UN
user,-1.0350877192982453,1.4649122807017543,1.2982456140350882,-0.03508771929824572,-2.2017543859649122,-0.03508771929824572,1.2982456140350882,-1.0350877192982453,0.2982456140350882,0.742690058479532
1,-0.08771929824561431,1.2456140350877192,0.5789473684210522,1.5789473684210522,-2.087719298245614,0.24561403508771917,1.0789473684210522,-1.7543859649122808,0.41228070175438614,0.3567251461988299
2,0.05263157894736814,1.3859649122807016,0.3859649122807016,1.7192982456140347,-2.1140350877192984,-0.7807017543859649,1.2192982456140347,-0.9473684210526319,0.3859649122807016,0.6081871345029239
3,0.5614035087719298,1.3947368421052633,0.06140350877192979,1.5614035087719302,-1.43859649122807,-0.7719298245614032,1.2280701754385963,-1.7719298245614035,0.5614035087719298,0.22807017543859676
llm,0.17543859649122787,1.3421052631578947,0.3421052631578945,1.6198830409356724,-1.8801169590643276,-0.435672514619883,1.1754385964912277,-1.4912280701754386,0.45321637426900585,0.3976608187134502
