回答者,AC,BE,CO,HE,PO,SE,SD,ST,TR,UN
user,0.47368421052631593,0.640350877192982,0.9736842105263159,0.47368421052631593,-0.02631578947368407,0.140350877192982,0.9736842105263159,-0.5263157894736845,-0.35964912280701755,-0.3040935672514622
1,0.5087719298245612,1.5087719298245612,-0.8245614035087723,2.508771929824561,-1.824561403508772,1.1754385964912282,2.008771929824561,1.1754385964912282,-0.8245614035087723,-1.0467836257309941
2,-0.2105263157894739,1.7894736842105265,0.28947368421052655,2.1228070175438596,-2.0438596491228074,0.9561403508771926,1.7894736842105265,0.7894736842105265,-0.5438596491228069,-1.0994152046783627
3,-0.17543859649122817,1.8245614035087723,0.1578947368421053,1.8245614035087723,-2.0087719298245617,0.9912280701754383,1.8245614035087723,0.49122807017543835,-1.0087719298245612,-0.6198830409356724
llm,0.040935672514619714,1.7076023391812865,-0.1257309941520468,2.1520467836257313,-1.9590643274853805,1.0409356725146197,1.8742690058479532,0.8187134502923977,-0.7923976608187134,-0.9220272904483431
