回答者,AC,BE,CO,HE,PO,SE,SD,ST,TR,UN
user,-0.07017543859649145,-1.0701754385964912,2.429824561403509,1.263157894736842,-1.236842105263158,1.429824561403509,1.0964912280701755,-1.4035087719298247,0.09649122807017552,-0.8479532163742691
1,0.3508771929824559,2.5175438596491224,-0.3157894736842106,2.3508771929824563,-2.1491228070175437,-0.6491228070175441,2.3508771929824563,1.0175438596491224,-0.8157894736842106,-0.7602339181286553
2,1.1578947368421058,2.324561403508772,-0.5087719298245612,1.4912280701754388,-2.3421052631578947,-0.5087719298245612,2.1578947368421058,1.1578947368421058,-0.5087719298245612,-0.5087719298245612
3,0.9473684210526314,2.4473684210526314,-0.3859649122807016,0.9473684210526314,-2.219298245614035,-0.8859649122807016,2.2807017543859653,1.2807017543859653,-0.7192982456140351,-0.27485380116959046
llm,0.8187134502923977,2.4298245614035086,-0.4035087719298245,1.5964912280701755,-2.236842105263158,-0.6812865497076023,2.2631578947368425,1.152046783625731,-0.6812865497076023,-0.5146198830409356
