回答者,AC,BE,CO,HE,PO,SE,SD,ST,TR,UN
user,-0.7017543859649122,0.13157894736842124,-0.03508771929824528,0.9649122807017543,-0.8684210526315788,0.4649122807017547,1.7982456140350882,-0.36842105263157876,-0.36842105263157876,0.4093567251461989
1,1.192982456140351,1.0263157894736845,-0.9736842105263157,3.192982456140351,-1.307017543859649,-0.9736842105263157,2.192982456140351,1.192982456140351,-0.4736842105263155,-0.5847953216374266
2,1.421052631578947,0.9210526315789473,-0.7456140350877196,2.754385964912281,-0.7456140350877196,-0.5789473684210527,1.921052631578947,1.0877192982456139,-0.7456140350877196,-0.801169590643275
3,1.596491228070175,1.596491228070175,-0.9035087719298247,3.263157894736842,-1.4035087719298247,-1.0701754385964912,2.263157894736842,1.263157894736842,-1.4035087719298247,-0.5146198830409356
llm,1.4035087719298243,1.1812865497076024,-0.8742690058479533,3.0701754385964914,-1.152046783625731,-0.8742690058479532,2.125730994152047,1.1812865497076024,-0.8742690058479532,-0.6335282651072124
