回答者,AC,BE,CO,HE,PO,SE,SD,ST,TR,UN
user,-1.5789473684210527,0.7543859649122804,1.2543859649122804,1.4210526315789473,-0.7456140350877192,0.42105263157894735,1.0877192982456143,-0.5789473684210527,-0.5789473684210527,-0.023391812865497297
1,1.5438596491228074,0.2105263157894739,-0.45614035087719307,2.5438596491228074,-0.2894736842105261,-0.6228070175438596,2.5438596491228074,2.5438596491228074,-1.7894736842105263,-0.9005847953216373
2,1.385964912280702,0.2192982456140351,-0.6140350877192984,2.719298245614035,-0.11403508771929838,-0.6140350877192984,2.385964912280702,1.719298245614035,-1.4473684210526316,-0.7251461988304095
3,1.6491228070175437,0.3157894736842102,-0.6842105263157898,2.6491228070175437,-0.18421052631578982,-0.6842105263157898,2.6491228070175437,1.6491228070175437,-1.6842105263157896,-0.6842105263157898
llm,1.5263157894736843,0.2485380116959064,-0.5847953216374271,2.6374269005847952,-0.1959064327485381,-0.6403508771929826,2.5263157894736845,1.9707602339181287,-1.6403508771929827,-0.7699805068226122
