回答者,AC,BE,CO,HE,PO,SE,SD,ST,TR,UN
user,-1.2807017543859645,1.385964912280702,1.385964912280702,0.7192982456140351,-2.614035087719298,0.38596491228070207,0.05263157894736903,-1.614035087719298,0.8859649122807021,1.2748538011695913
1,-0.9649122807017547,1.8684210526315788,0.36842105263157876,1.0350877192982457,-1.9649122807017545,0.8684210526315788,2.0350877192982457,0.03508771929824528,-0.4649122807017547,-0.6315789473684212
2,-1.0701754385964914,1.763157894736842,0.763157894736842,1.263157894736842,-1.9035087719298247,1.096491228070175,1.096491228070175,-0.4035087719298245,-0.07017543859649145,-0.5146198830409356
3,-1.2105263157894735,1.956140350877193,1.289473684210526,0.7894736842105261,-2.043859649122807,1.289473684210526,0.7894736842105261,-1.2105263157894735,0.62280701754386,-0.8771929824561404
llm,-1.0818713450292399,1.8625730994152045,0.807017543859649,1.0292397660818713,-1.9707602339181287,1.0847953216374266,1.307017543859649,-0.5263157894736842,0.029239766081871288,-0.6744639376218324
