回答者,AC,BE,CO,HE,PO,SE,SD,ST,TR,UN
user,-0.26315789473684204,1.070175438596491,0.4035087719298245,1.736842105263158,-1.263157894736842,0.4035087719298245,0.5701754385964914,-1.5964912280701753,0.07017543859649145,0.2923976608187133
1,-0.08771929824561431,1.2456140350877192,0.07894736842105265,2.245614035087719,-2.587719298245614,-0.42105263157894735,1.2456140350877192,-0.7543859649122808,-0.08771929824561431,1.1345029239766085
2,-0.5263157894736841,1.307017543859649,-0.02631578947368407,2.473684210526316,-2.359649122807017,-0.1929824561403506,0.807017543859649,-0.5263157894736841,-0.1929824561403506,1.140350877192983
3,-0.7719298245614037,1.2280701754385963,0.06140350877192979,1.8947368421052633,-2.605263157894737,0.5614035087719293,1.2280701754385963,-1.1052631578947372,-0.4385964912280702,1.2280701754385963
llm,-0.46198830409356734,1.2602339181286548,0.038011695906432795,2.2046783625730995,-2.517543859649123,-0.01754385964912286,1.093567251461988,-0.7953216374269007,-0.23976608187134504,1.1676413255360625
