回答者,AC,BE,CO,HE,PO,SE,SD,ST,TR,UN
user,-1.473684210526316,-0.3070175438596494,1.026315789473684,0.8596491228070176,-1.473684210526316,0.1929824561403506,0.8596491228070176,-0.47368421052631593,0.6929824561403506,0.5263157894736841
1,-1.1754385964912282,2.324561403508772,0.6578947368421053,2.491228070175439,-2.175438596491228,0.49122807017543835,-0.3421052631578947,0.8245614035087718,-0.008771929824561653,-0.28654970760233933
2,-1.4912280701754388,1.8421052631578942,0.5087719298245612,2.508771929824561,-2.3245614035087723,0.008771929824561209,1.3421052631578942,1.5087719298245612,-0.1578947368421053,-0.4912280701754388
3,-1.3157894736842102,2.3508771929824563,0.6842105263157894,2.3508771929824563,-2.4824561403508767,0.18421052631578982,0.8508771929824563,1.0175438596491233,0.01754385964912286,-0.5380116959064325
llm,-1.327485380116959,2.172514619883041,0.6169590643274853,2.4502923976608186,-2.327485380116959,0.22807017543859645,0.6169590643274853,1.1169590643274854,-0.04970760233918137,-0.4385964912280702
