回答者,AC,BE,CO,HE,PO,SE,SD,ST,TR,UN
user,-0.5964912280701751,0.4035087719298249,1.2368421052631584,1.0701754385964914,-0.42982456140350855,0.5701754385964914,0.23684210526315796,-0.26315789473684204,-0.42982456140350855,-0.15204678362573087
1,-0.736842105263158,-0.07017543859649145,0.26315789473684204,2.929824561403509,-1.4035087719298247,2.096491228070175,0.763157894736842,-1.4035087719298247,0.09649122807017552,-0.5146198830409356
2,-0.7719298245614037,0.39473684210526283,0.5614035087719298,2.8947368421052633,-1.2719298245614037,1.8947368421052633,-0.10526315789473717,-1.7719298245614037,0.8947368421052628,-0.7719298245614037
3,-0.8245614035087718,0.17543859649122817,0.8421052631578947,1.8421052631578951,-1.657894736842105,1.8421052631578951,-0.32456140350877183,-1.4912280701754386,1.0087719298245617,-0.1578947368421053
llm,-0.7777777777777778,0.16666666666666652,0.5555555555555555,2.555555555555556,-1.4444444444444446,1.9444444444444446,0.11111111111111101,-1.5555555555555556,0.6666666666666666,-0.48148148148148157
