回答者,AC,BE,CO,HE,PO,SE,SD,ST,TR,UN
user,-1.0701754385964912,0.09649122807017552,0.429824561403509,1.263157894736842,-1.4035087719298245,0.429824561403509,0.5964912280701755,-1.0701754385964912,0.5964912280701755,0.5964912280701755
1,-0.8947368421052633,1.2719298245614032,0.9385964912280702,2.105263157894737,-2.56140350877193,1.2719298245614032,1.1052631578947372,-0.2280701754385963,-0.5614035087719298,-0.11695906432748515
2,-0.7192982456140351,0.9473684210526314,0.7807017543859653,1.6140350877192984,-2.3859649122807016,1.4473684210526314,1.6140350877192984,-0.7192982456140351,-0.5526315789473681,-0.1637426900584793
3,-0.3508771929824559,1.1491228070175437,0.8157894736842106,1.9824561403508776,-2.6842105263157894,1.1491228070175437,0.9824561403508776,-0.3508771929824559,-0.18421052631578938,-0.01754385964912286
llm,-0.6549707602339181,1.1228070175438594,0.845029239766082,1.9005847953216375,-2.543859649122807,1.289473684210526,1.233918128654971,-0.43274853801169577,-0.43274853801169577,-0.09941520467836244
