回答者,AC,BE,CO,HE,PO,SE,SD,ST,TR,UN
user,-1.912280701754386,0.2543859649122808,1.2543859649122808,0.42105263157894735,-1.7456140350877192,1.0877192982456139,1.0877192982456139,-1.5789473684210524,0.08771929824561431,0.7543859649122808
1,-0.3859649122807016,1.1140350877192984,-0.5526315789473681,2.2807017543859653,-2.052631578947368,1.2807017543859653,1.4473684210526314,-1.3859649122807016,0.44736842105263186,-0.1637426900584793
2,-0.47368421052631593,1.026315789473684,-0.14035087719298245,1.526315789473684,-2.307017543859649,1.359649122807017,1.526315789473684,-1.473684210526316,0.692982456140351,-0.14035087719298245
3,-0.3157894736842106,0.8508771929824563,0.18421052631578938,2.3508771929824563,-2.1491228070175437,1.1842105263157894,1.6842105263157894,-0.6491228070175441,0.5175438596491229,-0.871345029239766
llm,-0.39181286549707606,0.9970760233918129,-0.16959064327485374,2.0526315789473686,-2.1695906432748537,1.2748538011695907,1.5526315789473681,-1.169590643274854,0.5526315789473686,-0.3918128654970759
