回答者,AC,BE,CO,HE,PO,SE,SD,ST,TR,UN
user,1.280701754385965,0.2807017543859649,0.44736842105263097,0.947368421052631,-0.8859649122807021,0.11403508771929793,0.7807017543859649,-0.05263157894736903,0.2807017543859649,0.058479532163742576
1,1.5087719298245617,0.8421052631578947,-0.32456140350877183,2.8421052631578947,-1.324561403508772,-0.9912280701754388,2.5087719298245617,1.1754385964912277,-1.1578947368421053,-0.4912280701754388
2,1.385964912280702,0.3859649122807016,0.7192982456140351,2.385964912280702,-1.4473684210526316,-0.4473684210526314,2.385964912280702,0.3859649122807016,-0.9473684210526314,-0.7251461988304095
3,1.8245614035087723,0.6578947368421053,-0.6754385964912282,2.8245614035087723,-1.175438596491228,-1.0087719298245614,2.6578947368421053,1.8245614035087723,-1.3421052631578947,-0.6198830409356724
llm,1.5730994152046787,0.6286549707602339,-0.0935672514619883,2.68421052631579,-1.3157894736842106,-0.8157894736842106,2.517543859649123,1.1286549707602338,-1.1491228070175439,-0.6120857699805069
