回答者,AC,BE,CO,HE,PO,SE,SD,ST,TR,UN
user,-0.5964912280701755,1.4035087719298245,0.7368421052631575,1.0701754385964914,-1.929824561403509,0.4035087719298245,0.9035087719298245,-0.929824561403509,0.4035087719298245,0.4035087719298245
1,0.3859649122807016,0.7192982456140351,-0.11403508771929838,2.385964912280702,-1.9473684210526316,1.5526315789473681,0.8859649122807021,0.052631578947368585,0.5526315789473686,-0.9473684210526314
2,-0.1929824561403506,0.807017543859649,0.47368421052631593,2.473684210526316,-2.359649122807017,1.473684210526316,0.47368421052631593,-0.1929824561403506,0.807017543859649,-0.6374269005847952
3,-0.3508771929824559,0.9824561403508776,-0.01754385964912286,1.9824561403508776,-1.8508771929824561,1.3157894736842106,0.6491228070175437,-1.0175438596491229,0.8157894736842106,-0.23976608187134474
llm,-0.052631578947368286,0.8362573099415206,0.11403508771929823,2.2807017543859653,-2.0526315789473686,1.4473684210526316,0.6695906432748538,-0.3859649122807016,0.7251461988304094,-0.6081871345029238
