回答者,AC,BE,CO,HE,PO,SE,SD,ST,TR,UN
user,-1.1929824561403508,0.30701754385964897,0.807017543859649,-0.19298245614035103,-1.0263157894736843,0.807017543859649,0.47368421052631593,-0.8596491228070176,0.6403508771929824,0.36257309941520477
1,1.0526315789473681,0.8859649122807021,-0.2807017543859649,0.052631578947368585,-2.114035087719298,0.052631578947368585,1.5526315789473681,-0.2807017543859649,0.2192982456140351,0.6081871345029239
2,0.052631578947368585,1.219298245614035,-0.11403508771929838,-0.9473684210526314,-1.780701754385965,0.2192982456140351,1.5526315789473681,-0.2807017543859649,0.3859649122807016,0.4970760233918128
3,0.6140350877192984,0.6140350877192984,0.2807017543859649,-1.0526315789473681,-1.7192982456140349,0.44736842105263186,1.4473684210526314,-0.3859649122807016,0.11403508771929838,0.6140350877192984
llm,0.5730994152046783,0.9064327485380118,-0.038011695906432795,-0.6491228070175437,-1.871345029239766,0.23976608187134518,1.5175438596491226,-0.31578947368421045,0.23976608187134504,0.5730994152046783
