回答者,AC,BE,CO,HE,PO,SE,SD,ST,TR,UN
user,-1.0350877192982453,0.6315789473684212,1.1315789473684212,1.2982456140350882,-2.701754385964912,-0.36842105263157876,1.6315789473684212,0.6315789473684212,0.4649122807017543,0.6315789473684212
1,0.4736842105263155,1.640350877192982,0.30701754385964897,1.807017543859649,-1.8596491228070178,-1.192982456140351,2.307017543859649,1.473684210526316,-1.3596491228070178,-0.08187134502923987
2,-0.08771929824561386,1.9122807017543857,0.7456140350877196,2.5789473684210527,-2.087719298245614,-1.7543859649122806,2.5789473684210527,0.9122807017543857,-1.0877192982456139,-0.19883040935672502
3,0.10526315789473673,1.2719298245614037,1.2719298245614037,2.1052631578947367,-2.2280701754385968,-0.8947368421052633,1.7719298245614037,0.7719298245614037,-0.7280701754385968,-0.005847953216374435
llm,0.16374269005847944,1.6081871345029237,0.7748538011695908,2.1637426900584793,-2.058479532163743,-1.2807017543859651,2.2192982456140355,1.0526315789473684,-1.0584795321637428,-0.09551656920077978
