回答者,AC,BE,CO,HE,PO,SE,SD,ST,TR,UN
user,0.7543859649122804,-0.07894736842105265,0.9210526315789473,1.4210526315789473,-0.5789473684210527,-0.24561403508771917,1.4210526315789473,0.42105263157894735,0.08771929824561386,-0.6900584795321638
1,-0.9824561403508771,1.6842105263157898,0.6842105263157898,2.017543859649123,-2.3157894736842106,-0.48245614035087714,2.017543859649123,1.0175438596491229,-0.48245614035087714,-0.0935672514619883
2,-1.210526315789474,1.7894736842105265,-0.04385964912280693,2.1228070175438596,-2.2105263157894735,0.28947368421052655,2.1228070175438596,0.4561403508771926,-0.5438596491228069,-0.09941520467836273
3,-1.0,1.833333333333333,0.33333333333333304,2.0,-2.333333333333333,0.0,2.0,1.0,-0.8333333333333335,0.0
llm,-1.064327485380117,1.7690058479532162,0.324561403508772,2.046783625730994,-2.286549707602339,-0.06432748538011686,2.046783625730994,0.8245614035087718,-0.6198830409356725,-0.06432748538011701
