回答者,AC,BE,CO,HE,PO,SE,SD,ST,TR,UN
user,-1.5789473684210524,-0.4122807017543857,0.42105263157894735,1.4210526315789478,-1.412280701754386,1.5877192982456139,0.5877192982456143,-1.2456140350877192,0.7543859649122808,0.5321637426900585
1,0.14035087719298245,0.14035087719298245,0.3070175438596494,2.140350877192983,-2.526315789473684,-0.35964912280701755,1.473684210526316,0.47368421052631593,0.14035087719298245,0.807017543859649
2,0.24561403508771917,-0.08771929824561386,0.24561403508771917,2.2456140350877196,-2.4210526315789473,-0.42105263157894735,1.4122807017543857,0.5789473684210527,0.07894736842105265,0.9122807017543857
3,-0.6140350877192984,0.3859649122807016,0.3859649122807016,2.0526315789473686,-2.447368421052632,-0.2807017543859649,1.3859649122807016,0.3859649122807016,-0.2807017543859649,1.1637426900584793
llm,-0.07602339181286559,0.14619883040935674,0.3128654970760234,2.146198830409357,-2.4649122807017547,-0.3538011695906433,1.4239766081871343,0.4795321637426901,-0.02046783625730993,0.9610136452241713
