回答者,AC,BE,CO,HE,PO,SE,SD,ST,TR,UN
user,-0.666666666666667,0.33333333333333304,0.5,1.9999999999999996,0.6666666666666665,1.6666666666666665,0.8333333333333335,-2.0,0.5,-1.6666666666666667
1,1.456140350877193,1.6228070175438591,-0.043859649122807376,2.789473684210526,-1.5438596491228072,-0.5438596491228074,1.456140350877193,0.12280701754385959,-0.7105263157894739,-0.5438596491228074
2,1.6140350877192984,1.1140350877192984,-0.38596491228070207,2.9473684210526314,-1.0526315789473686,-0.052631578947368585,1.7807017543859645,0.2807017543859649,-0.8859649122807021,-0.9415204678362574
3,0.9122807017543861,1.7456140350877192,-0.2543859649122804,2.912280701754386,-1.2543859649122806,-0.5877192982456139,1.2456140350877192,0.24561403508771962,-0.42105263157894735,-0.6432748538011692
llm,1.3274853801169593,1.4941520467836256,-0.22807017543859662,2.883040935672515,-1.2836257309941521,-0.3947368421052633,1.4941520467836256,0.21637426900584802,-0.6725146198830411,-0.709551656920078
