回答者,AC,BE,CO,HE,PO,SE,SD,ST,TR,UN
user,-0.8421052631578951,0.9912280701754383,0.9912280701754383,1.1578947368421053,-1.5087719298245617,-0.3421052631578947,0.9912280701754383,-0.5087719298245617,0.3245614035087714,0.6023391812865491
1,1.12280701754386,1.289473684210526,0.12280701754385959,1.456140350877193,-1.2105263157894735,-0.8771929824561404,0.7894736842105261,0.12280701754385959,-0.5438596491228069,0.5672514619883038
2,1.140350877192983,1.307017543859649,0.14035087719298245,1.807017543859649,-1.3596491228070176,-0.8596491228070176,1.307017543859649,0.14035087719298245,-1.026315789473684,0.47368421052631593
3,1.2280701754385963,1.7280701754385963,0.22807017543859676,1.8947368421052633,-1.43859649122807,-1.1052631578947367,0.3947368421052633,-0.10526315789473673,-0.4385964912280702,0.45029239766081863
llm,1.1637426900584797,1.4415204678362572,0.1637426900584796,1.719298245614035,-1.3362573099415203,-0.9473684210526315,0.8304093567251462,0.05263157894736844,-0.6695906432748537,0.4970760233918128
