回答者,AC,BE,CO,HE,PO,SE,SD,ST,TR,UN
user,-0.8771929824561404,1.7894736842105265,1.7894736842105265,1.1228070175438596,-2.0438596491228074,-0.04385964912280693,0.28947368421052655,-1.543859649122807,-0.2105263157894739,0.678362573099415
1,1.1228070175438591,1.6228070175438591,0.2894736842105261,1.789473684210526,-1.3771929824561406,-1.0438596491228074,0.7894736842105261,-0.5438596491228074,0.2894736842105261,-0.09941520467836273
2,0.6140350877192979,1.280701754385965,0.6140350877192979,1.614035087719298,-1.3859649122807016,0.11403508771929838,0.2807017543859649,-1.0526315789473686,0.7807017543859649,-0.27485380116959046
3,0.9824561403508776,1.3157894736842106,0.6491228070175437,1.9824561403508776,-1.5175438596491229,-0.18421052631578938,1.1491228070175437,-1.0175438596491229,-0.01754385964912286,-0.3508771929824559
llm,0.9064327485380116,1.4064327485380115,0.5175438596491225,1.7953216374269008,-1.426900584795322,-0.37134502923976614,0.7397660818713448,-0.8713450292397663,0.35087719298245607,-0.24171539961013636
