回答者,AC,BE,CO,HE,PO,SE,SD,ST,TR,UN
user,-3.43859649122807,1.2280701754385968,1.5614035087719298,0.8947368421052628,-3.43859649122807,0.5614035087719298,1.5614035087719298,-0.7719298245614037,0.06140350877192979,1.5614035087719298
1,-0.1578947368421053,1.5087719298245612,0.3421052631578947,2.175438596491228,-1.6578947368421055,-1.6578947368421055,1.3421052631578942,-0.1578947368421053,0.8421052631578942,0.06432748538011657
2,-0.19298245614035103,1.1403508771929824,0.6403508771929824,1.8070175438596494,-2.192982456140351,-1.026315789473684,1.1403508771929824,0.14035087719298245,0.9736842105263155,0.25146198830409316
3,0.3333333333333335,1.3333333333333335,0.5000000000000004,2.0000000000000004,-1.9999999999999998,-1.6666666666666665,1.3333333333333335,0.3333333333333335,0.6666666666666665,0.22222222222222232
llm,-0.005847953216374287,1.327485380116959,0.49415204678362584,1.9941520467836262,-1.9502923976608189,-1.4502923976608184,1.2719298245614035,0.10526315789473688,0.8274853801169587,0.17933723196881068
