回答者,AC,BE,CO,HE,PO,SE,SD,ST,TR,UN
user,-0.3333333333333339,1.166666666666666,0.5,0.6666666666666661,-2.5000000000000004,0.33333333333333304,1.333333333333333,-0.666666666666667,0.16666666666666607,1.0
1,1.87719298245614,0.7105263157894739,0.21052631578947345,1.87719298245614,-1.7894736842105263,-0.28947368421052655,1.543859649122807,-0.12280701754385959,-0.28947368421052655,-0.12280701754385959
2,2.1052631578947367,0.9385964912280707,-0.2280701754385963,2.1052631578947367,-1.894736842105263,-0.2280701754385963,1.7719298245614037,0.10526315789473717,-0.39473684210526283,-0.3391812865497075
3,1.9298245614035086,1.4298245614035086,0.26315789473684204,1.9298245614035086,-2.2368421052631575,-0.070175438596491,1.5964912280701755,-0.070175438596491,-0.4035087719298245,-0.5146198830409356
llm,1.9707602339181285,1.0263157894736843,0.08187134502923972,1.9707602339181285,-1.9736842105263157,-0.19590643274853795,1.6374269005847955,-0.02923976608187114,-0.3625730994152046,-0.32553606237816757
