回答者,AC,BE,CO,HE,PO,SE,SD,ST,TR,UN
user,-1.105263157894737,0.2280701754385963,0.2280701754385963,0.8947368421052628,-1.605263157894737,1.3947368421052633,0.39473684210526283,-1.105263157894737,0.5614035087719298,0.5614035087719298
1,0.01754385964912286,1.5175438596491224,0.8508771929824563,2.6842105263157894,-2.1491228070175437,0.01754385964912286,0.8508771929824563,-0.6491228070175441,0.5175438596491229,-0.6491228070175441
2,0.7192982456140351,1.5526315789473681,1.0526315789473681,2.385964912280702,-2.114035087719298,0.052631578947368585,0.7192982456140351,-1.280701754385965,0.3859649122807016,-0.6140350877192984
3,0.6666666666666665,1.4999999999999996,0.8333333333333335,2.3333333333333335,-2.166666666666667,0.16666666666666652,1.4999999999999996,-1.3333333333333335,0.0,-0.666666666666667
llm,0.4678362573099415,1.5233918128654966,0.912280701754386,2.467836257309942,-2.1432748538011697,0.07894736842105265,1.023391812865497,-1.087719298245614,0.3011695906432748,-0.6432748538011698
