回答者,AC,BE,CO,HE,PO,SE,SD,ST,TR,UN
user,1.3157894736842106,1.3157894736842106,-0.5175438596491224,1.6491228070175445,-0.3508771929824559,0.14912280701754455,1.9824561403508776,0.9824561403508776,-0.5175438596491224,-1.350877192982456
1,3.0000000000000004,1.0,-0.9999999999999998,3.0000000000000004,-0.9999999999999998,-0.6666666666666665,2.1666666666666665,0.0,-1.1666666666666665,-0.6666666666666665
2,2.6315789473684212,0.6315789473684212,-0.20175438596491224,3.298245614035088,-1.0350877192982455,-1.0350877192982455,1.7982456140350882,-0.36842105263157876,-0.8684210526315788,-0.5906432748538011
3,2.7192982456140347,1.219298245614035,-1.1140350877192984,3.0526315789473686,-0.9473684210526316,-0.44736842105263186,2.2192982456140347,-0.6140350877192984,-0.7807017543859651,-0.9473684210526316
llm,2.7836257309941517,0.9502923976608187,-0.7719298245614036,3.1169590643274856,-0.9941520467836256,-0.7163742690058479,2.06140350877193,-0.32748538011695905,-0.9385964912280702,-0.7348927875243664
