回答者,AC,BE,CO,HE,PO,SE,SD,ST,TR,UN
user,-1.280701754385965,0.7192982456140351,1.885964912280702,0.3859649122807016,-1.9473684210526316,0.8859649122807021,1.385964912280702,-1.6140350877192982,-0.6140350877192984,0.3859649122807016
1,1.4912280701754388,1.6578947368421049,-0.3421052631578947,1.8245614035087718,-2.0087719298245617,-1.5087719298245614,2.824561403508772,1.8245614035087718,-0.6754385964912282,-0.6198830409356728
2,1.8421052631578947,1.1754385964912277,-0.32456140350877183,1.8421052631578947,-1.9912280701754386,-1.4912280701754386,2.8421052631578947,2.1754385964912277,-0.8245614035087718,-0.4912280701754388
3,2.3157894736842106,1.4824561403508767,0.3157894736842102,1.6491228070175437,-2.1842105263157894,-1.6842105263157896,2.6491228070175437,2.3157894736842106,-1.0175438596491229,-0.6842105263157898
llm,1.8830409356725148,1.4385964912280695,-0.11695906432748544,1.7719298245614035,-2.06140350877193,-1.5614035087719298,2.771929824561403,2.1052631578947367,-0.8391812865497076,-0.5984405458089671
