回答者,AC,BE,CO,HE,PO,SE,SD,ST,TR,UN
user,0.7192982456140351,-0.7807017543859649,-0.2807017543859649,1.0526315789473681,0.7192982456140351,0.5526315789473686,2.719298245614035,1.0526315789473681,-0.9473684210526314,-1.1695906432748537
1,1.1228070175438596,-0.3771929824561404,1.1228070175438596,-0.21052631578947345,-1.3771929824561402,1.789473684210526,1.456140350877193,-0.8771929824561402,0.12280701754385959,-0.9883040935672514
2,1.1754385964912282,-0.6578947368421053,1.5087719298245612,-0.49122807017543835,-1.4912280701754386,1.8421052631578951,1.8421052631578951,-1.157894736842105,-0.32456140350877183,-0.7134502923976607
3,0.5438596491228074,0.2105263157894739,1.543859649122807,-0.4561403508771926,-1.4561403508771928,1.710526315789474,1.0438596491228074,-1.4561403508771928,-0.12280701754385959,-0.5672514619883038
llm,0.9473684210526317,-0.27485380116959063,1.3918128654970758,-0.38596491228070146,-1.4415204678362572,1.7807017543859651,1.4473684210526319,-1.1637426900584795,-0.10818713450292394,-0.756335282651072
