回答者,AC,BE,CO,HE,PO,SE,SD,ST,TR,UN
user,0.5789473684210522,0.07894736842105265,0.07894736842105265,1.2456140350877192,-1.0877192982456143,-0.9210526315789473,1.5789473684210522,1.5789473684210522,0.07894736842105265,0.24561403508771917
1,2.912280701754386,0.9122807017543861,-0.08771929824561386,1.2456140350877192,-1.9210526315789471,-1.5877192982456139,2.912280701754386,1.2456140350877192,-1.5877192982456139,0.13450292397660846
2,2.8596491228070176,1.8596491228070176,0.19298245614035103,0.8596491228070176,-1.9736842105263157,-1.6403508771929824,2.5263157894736845,0.5263157894736841,-1.6403508771929824,0.08187134502923987
3,2.736842105263158,1.570175438596491,-0.5964912280701755,1.403508771929825,-2.0964912280701755,-0.763157894736842,2.736842105263158,1.736842105263158,-1.9298245614035088,-0.15204678362573087
llm,2.8362573099415207,1.4473684210526316,-0.16374269005847944,1.169590643274854,-1.9970760233918128,-1.330409356725146,2.725146198830409,1.1695906432748537,-1.719298245614035,0.02144249512670582
