回答者,AC,BE,CO,HE,PO,SE,SD,ST,TR,UN
user,1.2631578947368416,-0.9035087719298249,1.5964912280701755,1.9298245614035086,-2.9035087719298245,-0.736842105263158,1.7631578947368416,0.5964912280701755,-0.5701754385964914,1.2631578947368416
1,1.8771929824561409,1.3771929824561409,0.7105263157894739,2.210526315789474,-1.789473684210526,-1.1228070175438594,2.043859649122807,-0.12280701754385959,-0.9561403508771928,-0.5672514619883038
2,2.666666666666667,1.833333333333333,0.3333333333333335,3.0,-1.8333333333333333,-1.3333333333333333,1.833333333333333,0.3333333333333335,-1.1666666666666667,-0.7777777777777777
3,2.4912280701754383,1.6578947368421053,0.1578947368421053,2.1578947368421053,-1.8421052631578947,-1.0087719298245614,2.1578947368421053,-0.17543859649122817,-1.0087719298245614,-0.6198830409356724
llm,2.3450292397660824,1.6228070175438596,0.40058479532163754,2.456140350877193,-1.8216374269005848,-1.154970760233918,2.0116959064327484,0.011695906432748574,-1.0438596491228072,-0.654970760233918
