回答者,AC,BE,CO,HE,PO,SE,SD,ST,TR,UN
user,-0.22807017543859676,0.7719298245614032,0.9385964912280702,0.10526315789473628,-0.3947368421052633,0.27192982456140324,0.6052631578947363,-1.2280701754385968,0.27192982456140324,0.21637426900584789
1,-0.9473684210526319,1.0526315789473686,0.5526315789473686,2.0526315789473686,-2.1140350877192984,0.7192982456140347,1.2192982456140347,-1.6140350877192984,0.7192982456140347,-0.05847953216374302
2,-0.24561403508771917,1.0877192982456139,0.42105263157894735,2.421052631578948,-2.078947368421052,0.7543859649122808,1.5877192982456139,-1.2456140350877192,0.08771929824561431,-0.4678362573099415
3,-0.17543859649122773,1.1578947368421058,0.1578947368421053,1.8245614035087718,-2.1754385964912277,0.8245614035087718,1.3245614035087718,-1.1754385964912277,0.3245614035087723,-0.06432748538011657
llm,-0.4561403508771929,1.0994152046783627,0.3771929824561404,2.099415204678363,-2.1228070175438596,0.7660818713450291,1.3771929824561402,-1.3450292397660817,0.3771929824561404,-0.19688109161793368
