回答者,AC,BE,CO,HE,PO,SE,SD,ST,TR,UN
user,-1.0350877192982453,1.4649122807017543,1.2982456140350882,-0.03508771929824572,-2.2017543859649122,-0.03508771929824572,1.2982456140350882,-1.0350877192982453,0.2982456140350882,0.742690058479532
1,-0.24561403508771962,2.087719298245614,0.7543859649122808,1.421052631578947,-2.412280701754386,-0.24561403508771962,1.421052631578947,-1.2456140350877196,0.2543859649122808,0.08771929824561386
2,-0.7719298245614037,2.2280701754385968,0.2280701754385963,1.8947368421052628,-1.7719298245614035,-0.6052631578947367,1.2280701754385968,-0.7719298245614037,0.3947368421052633,-0.10526315789473673
3,-0.5789473684210527,1.9210526315789473,0.5877192982456143,0.7543859649122804,-1.912280701754386,-0.5789473684210527,1.7543859649122804,-0.9122807017543861,0.42105263157894735,-0.023391812865497297
llm,-0.5321637426900586,2.0789473684210527,0.5233918128654972,1.35672514619883,-2.0321637426900585,-0.476608187134503,1.4678362573099413,-0.9766081871345031,0.3567251461988305,-0.013645224171540052
