回答者,AC,BE,CO,HE,PO,SE,SD,ST,TR,UN
user,0.47368421052631593,0.640350877192982,0.9736842105263159,0.47368421052631593,-0.02631578947368407,0.140350877192982,0.9736842105263159,-0.5263157894736845,-0.35964912280701755,-0.3040935672514622
1,0.14035087719298245,1.140350877192983,-0.35964912280701755,2.140350877192983,-1.6929824561403508,0.9736842105263159,1.307017543859649,-0.5263157894736841,0.3070175438596494,-0.5263157894736841
2,0.5438596491228069,1.043859649122807,-0.6228070175438596,2.210526315789474,-1.7894736842105263,1.210526315789474,1.37719298245614,-0.12280701754385959,-0.45614035087719307,-0.23391812865497075
3,0.5614035087719298,0.7280701754385968,-0.6052631578947367,2.2280701754385968,-1.4385964912280702,0.8947368421052628,1.3947368421052628,-0.10526315789473673,0.06140350877192979,-0.4385964912280702
llm,0.4152046783625731,0.9707602339181288,-0.5292397660818713,2.1929824561403515,-1.6403508771929822,1.0263157894736843,1.359649122807017,-0.25146198830409344,-0.029239766081871288,-0.3996101364522417
