回答者,AC,BE,CO,HE,PO,SE,SD,ST,TR,UN
user,-0.07017543859649145,-1.0701754385964912,2.429824561403509,1.263157894736842,-1.236842105263158,1.429824561403509,1.0964912280701755,-1.4035087719298247,0.09649122807017552,-0.8479532163742691
1,0.4912280701754388,1.4912280701754388,-1.175438596491228,1.8245614035087718,-1.5087719298245612,-0.5087719298245612,2.324561403508772,0.8245614035087723,-0.008771929824561209,-0.6198830409356724
2,1.7543859649122808,1.4210526315789473,-1.2456140350877192,1.0877192982456143,-1.2456140350877192,-0.9122807017543859,2.421052631578948,1.0877192982456143,0.2543859649122808,-1.0233918128654969
3,1.6842105263157894,1.0175438596491229,-1.1491228070175437,2.3508771929824563,-1.482456140350877,-0.8157894736842104,2.1842105263157894,1.3508771929824563,-0.3157894736842102,-0.5380116959064325
llm,1.3099415204678364,1.3099415204678364,-1.1900584795321636,1.7543859649122808,-1.412280701754386,-0.7456140350877192,2.309941520467836,1.0877192982456143,-0.023391812865496853,-0.7270955165692006
