回答者,AC,BE,CO,HE,PO,SE,SD,ST,TR,UN
user,-0.7017543859649122,0.13157894736842124,-0.03508771929824528,0.9649122807017543,-0.8684210526315788,0.4649122807017547,1.7982456140350882,-0.36842105263157876,-0.36842105263157876,0.4093567251461989
1,1.5087719298245617,1.3421052631578947,-0.32456140350877183,2.8421052631578947,-1.824561403508772,-1.1578947368421053,2.8421052631578947,2.5087719298245617,-1.324561403508772,-0.935672514619883
2,1.350877192982456,1.5175438596491229,-1.4824561403508771,3.017543859649123,-1.4824561403508771,-1.1491228070175439,2.850877192982456,2.68421052631579,-0.6491228070175437,-1.0935672514619883
3,1.3684210526315788,1.5350877192982457,-1.131578947368421,3.0350877192982457,-1.7982456140350875,-0.9649122807017543,3.0350877192982457,2.7017543859649127,-1.4649122807017543,-0.8538011695906431
llm,1.4093567251461987,1.4649122807017545,-0.97953216374269,2.9649122807017547,-1.701754385964912,-1.090643274853801,2.9093567251461985,2.6315789473684212,-1.1461988304093567,-0.9610136452241714
