回答者,AC,BE,CO,HE,PO,SE,SD,ST,TR,UN
user,-1.5789473684210527,0.7543859649122804,1.2543859649122804,1.4210526315789473,-0.7456140350877192,0.42105263157894735,1.0877192982456143,-0.5789473684210527,-0.5789473684210527,-0.023391812865497297
1,2.052631578947368,0.7192982456140351,0.052631578947368585,2.719298245614035,-0.9473684210526314,-0.6140350877192984,2.219298245614035,2.385964912280702,-1.6140350877192982,-1.1695906432748537
2,1.456140350877193,1.12280701754386,-0.8771929824561404,2.456140350877193,-0.21052631578947345,-0.3771929824561404,2.456140350877193,1.789473684210526,-1.3771929824561404,-1.2105263157894735
3,1.2807017543859653,0.7807017543859653,-0.3859649122807016,2.2807017543859653,-0.2192982456140351,-0.3859649122807016,2.2807017543859653,1.9473684210526314,-1.3859649122807016,-1.1637426900584793
llm,1.5964912280701755,0.8742690058479535,-0.4035087719298245,2.4853801169590644,-0.45906432748538,-0.4590643274853801,2.318713450292398,2.0409356725146197,-1.45906432748538,-1.1812865497076022
