回答者,AC,BE,CO,HE,PO,SE,SD,ST,TR,UN
user,-1.2807017543859645,1.385964912280702,1.385964912280702,0.7192982456140351,-2.614035087719298,0.38596491228070207,0.05263157894736903,-1.614035087719298,0.8859649122807021,1.2748538011695913
1,-0.8421052631578947,1.3245614035087718,0.9912280701754388,1.4912280701754388,-1.6754385964912282,1.1578947368421049,0.8245614035087718,-1.1754385964912282,-0.008771929824561653,-0.5087719298245617
2,-0.9122807017543857,1.2543859649122808,0.5877192982456143,1.7543859649122808,-1.5789473684210524,1.2543859649122808,1.4210526315789478,-1.2456140350877192,-0.07894736842105265,-0.6900584795321638
3,-0.9298245614035086,1.236842105263158,0.4035087719298245,1.403508771929825,-1.5964912280701753,1.403508771929825,1.403508771929825,-0.5964912280701755,-0.09649122807017552,-0.7076023391812867
llm,-0.8947368421052629,1.2719298245614035,0.6608187134502925,1.5497076023391816,-1.6169590643274854,1.2719298245614035,1.216374269005848,-1.0058479532163742,-0.06140350877192994,-0.6354775828460041
