回答者,AC,BE,CO,HE,PO,SE,SD,ST,TR,UN
user,-0.26315789473684204,1.070175438596491,0.4035087719298245,1.736842105263158,-1.263157894736842,0.4035087719298245,0.5701754385964914,-1.5964912280701753,0.07017543859649145,0.2923976608187133
1,-0.5438596491228069,2.1228070175438596,-0.3771929824561404,1.7894736842105265,-2.7105263157894735,-0.7105263157894739,2.1228070175438596,0.4561403508771926,-0.3771929824561404,0.678362573099415
2,-0.5087719298245612,2.1578947368421053,0.3245614035087723,1.8245614035087723,-2.6754385964912277,-0.5087719298245612,1.4912280701754383,0.1578947368421053,-0.5087719298245612,0.60233918128655
3,-0.24561403508771962,1.921052631578947,0.2543859649122808,1.7543859649122808,-2.745614035087719,-0.7456140350877196,2.087719298245614,0.4210526315789469,-0.41228070175438614,0.4210526315789469
llm,-0.43274853801169594,2.067251461988304,0.06725146198830423,1.7894736842105265,-2.710526315789474,-0.6549707602339182,1.9005847953216373,0.34502923976608163,-0.43274853801169594,0.5672514619883039
