回答者,AC,BE,CO,HE,PO,SE,SD,ST,TR,UN
user,-1.473684210526316,-0.3070175438596494,1.026315789473684,0.8596491228070176,-1.473684210526316,0.1929824561403506,0.8596491228070176,-0.47368421052631593,0.6929824561403506,0.5263157894736841
1,-0.9824561403508771,1.5175438596491229,0.01754385964912286,2.68421052631579,-1.9824561403508771,0.6842105263157894,0.18421052631578938,1.0175438596491229,0.5175438596491229,-0.5380116959064325
2,-1.0,1.5,-0.16666666666666652,2.666666666666667,-2.0,0.3333333333333335,0.5,0.3333333333333335,0.5,-0.11111111111111116
3,-0.4736842105263155,1.692982456140351,0.026315789473684514,2.859649122807018,-1.807017543859649,0.026315789473684514,0.5263157894736845,0.5263157894736845,0.35964912280701755,-0.5847953216374266
llm,-0.8187134502923975,1.5701754385964914,-0.040935672514619714,2.736842105263159,-1.9298245614035086,0.3479532163742691,0.40350877192982465,0.6257309941520469,0.4590643274853801,-0.4113060428849901
