回答者,AC,BE,CO,HE,PO,SE,SD,ST,TR,UN
user,-0.5964912280701751,0.4035087719298249,1.2368421052631584,1.0701754385964914,-0.42982456140350855,0.5701754385964914,0.23684210526315796,-0.26315789473684204,-0.42982456140350855,-0.15204678362573087
1,-0.9649122807017543,0.7017543859649122,0.7017543859649122,2.0350877192982457,-1.2982456140350875,1.8684210526315788,-0.6315789473684208,-2.2982456140350878,1.8684210526315788,-0.742690058479532
2,-1.5789473684210529,1.2543859649122808,0.7543859649122804,1.7543859649122808,-1.0789473684210529,1.921052631578947,-0.41228070175438614,-2.2456140350877196,1.2543859649122808,-0.801169590643275
3,-0.9298245614035088,0.570175438596491,0.23684210526315796,2.7368421052631575,-1.4298245614035088,1.9035087719298245,-0.9298245614035088,-1.2631578947368423,1.4035087719298245,-0.48538011695906436
llm,-1.1578947368421053,0.8421052631578947,0.5643274853801169,2.175438596491228,-1.2690058479532162,1.89766081871345,-0.6578947368421052,-1.9356725146198832,1.5087719298245614,-0.6764132553606238
