回答者,AC,BE,CO,HE,PO,SE,SD,ST,TR,UN
user,-1.0701754385964912,0.09649122807017552,0.429824561403509,1.263157894736842,-1.4035087719298245,0.429824561403509,0.5964912280701755,-1.0701754385964912,0.5964912280701755,0.5964912280701755
1,-0.5263157894736845,0.9736842105263159,0.4736842105263155,1.473684210526316,-2.192982456140351,1.807017543859649,1.640350877192982,-1.192982456140351,-0.5263157894736845,-0.3040935672514622
2,-0.5964912280701755,0.9035087719298249,0.736842105263158,1.736842105263158,-2.263157894736842,1.403508771929825,1.070175438596491,-0.5964912280701755,-0.09649122807017552,-0.26315789473684204
3,-0.2280701754385963,0.9385964912280707,0.2719298245614037,1.4385964912280707,-2.2280701754385963,1.6052631578947367,1.7719298245614037,-1.2280701754385963,-0.2280701754385963,-0.3391812865497075
llm,-0.4502923976608188,0.9385964912280705,0.49415204678362573,1.5497076023391816,-2.2280701754385963,1.605263157894737,1.4941520467836256,-1.0058479532163742,-0.2836257309941521,-0.30214424951267055
