回答者,AC,BE,CO,HE,PO,SE,SD,ST,TR,UN
user,-1.912280701754386,0.2543859649122808,1.2543859649122808,0.42105263157894735,-1.7456140350877192,1.0877192982456139,1.0877192982456139,-1.5789473684210524,0.08771929824561431,0.7543859649122808
1,0.24561403508771917,1.2456140350877196,-0.42105263157894735,1.9122807017543857,-2.254385964912281,1.2456140350877196,1.5789473684210527,-0.7543859649122808,0.41228070175438614,-0.5321637426900585
2,0.08771929824561386,1.0877192982456139,-0.24561403508771962,1.7543859649122808,-1.7456140350877194,0.5877192982456139,2.087719298245614,-0.9122807017543861,0.7543859649122804,-1.0233918128654973
3,-0.5087719298245612,0.8245614035087718,-0.008771929824561209,2.1578947368421058,-1.8421052631578945,1.3245614035087718,1.3245614035087718,-1.5087719298245612,0.3245614035087723,-0.17543859649122773
llm,-0.05847953216374272,1.0526315789473684,-0.2251461988304094,1.9415204678362574,-1.9473684210526316,1.0526315789473684,1.6637426900584795,-1.0584795321637428,0.49707602339181295,-0.5769980506822612
