回答者,AC,BE,CO,HE,PO,SE,SD,ST,TR,UN
user,1.280701754385965,0.2807017543859649,0.44736842105263097,0.947368421052631,-0.8859649122807021,0.11403508771929793,0.7807017543859649,-0.05263157894736903,0.2807017543859649,0.058479532163742576
1,1.8070175438596494,0.6403508771929824,-0.5263157894736841,2.8070175438596494,-1.1929824561403508,-1.0263157894736843,2.8070175438596494,1.1403508771929824,-1.0263157894736843,-0.7485380116959064
2,0.8947368421052633,0.8947368421052633,-0.10526315789473673,2.5614035087719302,-1.43859649122807,-1.2719298245614035,2.5614035087719302,1.5614035087719302,-0.7719298245614032,-0.5497076023391814
3,1.578947368421053,0.5789473684210527,-0.08771929824561386,2.912280701754386,-1.2543859649122806,-0.5877192982456139,2.578947368421053,0.9122807017543861,-1.2543859649122806,-0.7543859649122804
llm,1.426900584795322,0.7046783625730995,-0.23976608187134488,2.7602339181286553,-1.2953216374269003,-0.9619883040935672,2.649122807017544,1.2046783625730997,-1.0175438596491226,-0.6842105263157894
