回答者,AC,BE,CO,HE,PO,SE,SD,ST,TR,UN
user,-0.5964912280701755,1.4035087719298245,0.7368421052631575,1.0701754385964914,-1.929824561403509,0.4035087719298245,0.9035087719298245,-0.929824561403509,0.4035087719298245,0.4035087719298245
1,-0.08771929824561431,0.9122807017543861,0.24561403508771917,2.245614035087719,-2.087719298245614,1.2456140350877192,0.5789473684210522,-0.42105263157894735,0.9122807017543861,-0.5321637426900585
2,-0.070175438596491,0.7631578947368425,0.09649122807017552,2.2631578947368425,-1.9035087719298245,1.4298245614035086,0.9298245614035086,-0.070175438596491,0.09649122807017552,-0.5146198830409356
3,-0.17543859649122773,0.8245614035087718,0.3245614035087723,2.1578947368421058,-2.1754385964912277,1.4912280701754388,0.4912280701754388,-0.17543859649122773,0.3245614035087723,-0.2865497076023389
llm,-0.11111111111111101,0.8333333333333335,0.22222222222222232,2.2222222222222228,-2.0555555555555554,1.3888888888888886,0.6666666666666665,-0.22222222222222202,0.44444444444444464,-0.44444444444444436
