回答者,AC,BE,CO,HE,PO,SE,SD,ST,TR,UN
user,-1.1929824561403508,0.30701754385964897,0.807017543859649,-0.19298245614035103,-1.0263157894736843,0.807017543859649,0.47368421052631593,-0.8596491228070176,0.6403508771929824,0.36257309941520477
1,-0.2280701754385963,1.6052631578947372,0.4385964912280702,-1.5614035087719298,-2.2280701754385968,0.2719298245614037,2.105263157894737,-0.2280701754385963,0.10526315789473673,0.32748538011695905
2,0.807017543859649,1.473684210526316,0.14035087719298245,-1.1929824561403506,-2.026315789473684,-0.02631578947368407,2.140350877192983,0.14035087719298245,0.14035087719298245,0.029239766081871288
3,0.08771929824561386,1.7543859649122804,-0.07894736842105265,-1.2456140350877192,-1.912280701754386,-0.24561403508771917,2.0877192982456143,0.42105263157894735,0.08771929824561386,0.3099415204678362
llm,0.22222222222222218,1.6111111111111114,0.16666666666666666,-1.3333333333333333,-2.055555555555556,1.4802973661668753e-16,2.111111111111111,0.11111111111111116,0.11111111111111101,0.22222222222222218
