回答者,AC,BE,CO,HE,PO,SE,SD,ST,TR,UN
user,-1.0350877192982453,0.6315789473684212,1.1315789473684212,1.2982456140350882,-2.701754385964912,-0.36842105263157876,1.6315789473684212,0.6315789473684212,0.4649122807017543,0.6315789473684212
1,0.12280701754385959,1.289473684210526,0.45614035087719307,2.456140350877193,-2.2105263157894735,-1.3771929824561404,1.456140350877193,0.45614035087719307,-0.21052631578947345,0.5672514619883038
2,0.7719298245614032,1.1052631578947372,0.6052631578947372,2.43859649122807,-1.894736842105263,-0.8947368421052633,1.2719298245614032,-0.2280701754385963,-0.5614035087719298,0.4385964912280702
3,0.3508771929824559,1.0175438596491224,0.6842105263157894,2.6842105263157894,-1.9824561403508774,-1.6491228070175439,1.6842105263157894,0.01754385964912286,-0.3157894736842106,0.46198830409356706
llm,0.4152046783625729,1.1374269005847952,0.5818713450292399,2.5263157894736845,-2.0292397660818713,-1.3070175438596492,1.4707602339181285,0.08187134502923987,-0.3625730994152046,0.48927875243664704
