回答者,AC,BE,CO,HE,PO,SE,SD,ST,TR,UN
user,0.7543859649122804,-0.07894736842105265,0.9210526315789473,1.4210526315789473,-0.5789473684210527,-0.24561403508771917,1.4210526315789473,0.42105263157894735,0.08771929824561386,-0.6900584795321638
1,-0.7017543859649122,1.7982456140350873,-0.3684210526315792,2.6315789473684212,-1.5350877192982457,-0.3684210526315792,1.9649122807017543,0.29824561403508776,-0.8684210526315792,-0.14619883040935688
2,-0.4035087719298249,1.5964912280701755,-0.736842105263158,2.5964912280701755,-1.5701754385964914,-0.23684210526315796,1.7631578947368416,0.26315789473684204,-0.5701754385964914,0.040935672514619714
3,-0.5964912280701755,1.2368421052631575,-0.763157894736842,2.0701754385964914,-1.7631578947368423,0.5701754385964914,1.4035087719298245,-0.26315789473684204,0.070175438596491,0.2923976608187133
llm,-0.5672514619883042,1.5438596491228067,-0.6228070175438597,2.432748538011696,-1.6228070175438598,-0.011695906432748574,1.7105263157894735,0.09941520467836258,-0.45614035087719323,0.06237816764132539
