回答者,AC,BE,CO,HE,PO,SE,SD,ST,TR,UN
user,-1.5789473684210524,-0.4122807017543857,0.42105263157894735,1.4210526315789478,-1.412280701754386,1.5877192982456139,0.5877192982456143,-1.2456140350877192,0.7543859649122808,0.5321637426900585
1,0.1929824561403506,-0.14035087719298245,0.5263157894736841,2.192982456140351,-2.473684210526316,-0.47368421052631593,1.192982456140351,0.5263157894736841,0.1929824561403506,0.9707602339181287
2,0.05263157894736814,0.7192982456140347,0.2192982456140351,2.0526315789473686,-2.447368421052632,-0.44736842105263186,1.2192982456140347,0.3859649122807016,0.2192982456140351,0.7192982456140347
3,-0.29824561403508776,0.36842105263157876,0.03508771929824572,2.0350877192982453,-2.2982456140350878,-0.6315789473684212,1.5350877192982453,0.7017543859649122,0.03508771929824572,0.9239766081871346
llm,-0.01754385964912301,0.31578947368421034,0.260233918128655,2.093567251461988,-2.406432748538012,-0.517543859649123,1.3157894736842104,0.5380116959064326,0.1491228070175438,0.871345029239766
