回答者,AC,BE,CO,HE,PO,SE,SD,ST,TR,UN
user,-0.666666666666667,0.33333333333333304,0.5,1.9999999999999996,0.6666666666666665,1.6666666666666665,0.8333333333333335,-2.0,0.5,-1.6666666666666667
1,0.5087719298245612,2.3421052631578942,0.008771929824561209,2.508771929824561,-1.824561403508772,-0.3245614035087723,1.3421052631578942,0.5087719298245612,-0.3245614035087723,-0.8245614035087723
2,1.1052631578947372,2.2719298245614032,0.10526315789473673,2.105263157894737,-1.894736842105263,-0.5614035087719298,1.9385964912280702,0.4385964912280702,-0.2280701754385963,-1.1169590643274852
3,0.33333333333333304,2.4999999999999996,-0.666666666666667,2.6666666666666665,-1.6666666666666667,-0.3333333333333335,1.6666666666666665,1.3333333333333335,-0.8333333333333335,-0.7777777777777781
llm,0.6491228070175438,2.371345029239766,-0.18421052631578969,2.4269005847953213,-1.7953216374269008,-0.40643274853801187,1.6491228070175437,0.7602339181286549,-0.46198830409356734,-0.9064327485380118
