回答者,AC,BE,CO,HE,PO,SE,SD,ST,TR,UN
user,-0.8421052631578951,0.9912280701754383,0.9912280701754383,1.1578947368421053,-1.5087719298245617,-0.3421052631578947,0.9912280701754383,-0.5087719298245617,0.3245614035087714,0.6023391812865491
1,1.12280701754386,1.289473684210526,0.28947368421052655,1.456140350877193,-1.3771929824561404,-0.5438596491228069,1.289473684210526,-0.21052631578947345,-0.8771929824561404,0.3450292397660819
2,1.9649122807017543,0.9649122807017543,0.6315789473684212,1.6315789473684212,-2.0350877192982457,-0.36842105263157876,0.6315789473684212,-0.03508771929824528,-0.7017543859649122,0.5204678362573101
3,1.7543859649122808,1.5877192982456139,-0.07894736842105265,1.4210526315789478,-1.2456140350877192,-0.7456140350877192,0.9210526315789478,-0.24561403508771917,-0.7456140350877192,0.3099415204678362
llm,1.6140350877192986,1.2807017543859647,0.28070175438596506,1.5029239766081872,-1.5526315789473684,-0.5526315789473683,0.9473684210526317,-0.1637426900584793,-0.7748538011695906,0.39181286549707606
