回答者,AC,BE,CO,HE,PO,SE,SD,ST,TR,UN
user,-0.8771929824561404,1.7894736842105265,1.7894736842105265,1.1228070175438596,-2.0438596491228074,-0.04385964912280693,0.28947368421052655,-1.543859649122807,-0.2105263157894739,0.678362573099415
1,0.17543859649122817,1.8421052631578951,1.1754385964912282,0.17543859649122817,-1.4912280701754383,-0.49122807017543835,0.8421052631578951,-0.49122807017543835,-0.1578947368421053,0.17543859649122817
2,0.14035087719298245,1.9736842105263155,1.1403508771929824,0.14035087719298245,-1.692982456140351,-0.19298245614035103,0.8070175438596494,-0.8596491228070176,-0.19298245614035103,0.25146198830409316
3,-0.42105263157894735,2.245614035087719,0.7456140350877192,0.24561403508771917,-1.7543859649122808,-0.2543859649122808,0.9122807017543861,-0.42105263157894735,-0.08771929824561431,0.24561403508771917
llm,-0.03508771929824558,2.02046783625731,1.0204678362573099,0.1871345029239766,-1.6461988304093567,-0.3128654970760234,0.8538011695906436,-0.5906432748538011,-0.14619883040935688,0.2241715399610135
