回答者,AC,BE,CO,HE,PO,SE,SD,ST,TR,UN
user,-3.43859649122807,1.2280701754385968,1.5614035087719298,0.8947368421052628,-3.43859649122807,0.5614035087719298,1.5614035087719298,-0.7719298245614037,0.06140350877192979,1.5614035087719298
1,-0.42105263157894735,2.4122807017543857,0.5789473684210527,1.5789473684210527,-1.7543859649122806,-1.587719298245614,1.9122807017543857,0.5789473684210527,-0.08771929824561386,-0.42105263157894735
2,-0.3508771929824559,2.3157894736842106,0.4824561403508776,1.3157894736842106,-2.0175438596491224,-1.6842105263157894,1.9824561403508776,0.3157894736842106,0.1491228070175441,-0.01754385964912286
3,-0.6491228070175437,1.8508771929824563,0.5175438596491233,1.3508771929824563,-1.982456140350877,-1.1491228070175437,1.6842105263157894,0.35087719298245634,0.18421052631578982,0.12865497076023402
llm,-0.47368421052631565,2.1929824561403506,0.5263157894736845,1.4152046783625731,-1.91812865497076,-1.4736842105263157,1.8596491228070178,0.4152046783625732,0.08187134502924003,-0.1033138401559454
