回答者,AC,BE,CO,HE,PO,SE,SD,ST,TR,UN
user,-0.3333333333333339,1.166666666666666,0.5,0.6666666666666661,-2.5000000000000004,0.33333333333333304,1.333333333333333,-0.666666666666667,0.16666666666666607,1.0
1,1.2456140350877192,1.0789473684210522,0.24561403508771917,1.2456140350877192,-1.9210526315789476,-0.2543859649122808,1.9122807017543861,0.5789473684210522,-0.5877192982456143,-0.08771929824561431
2,1.263157894736842,1.096491228070175,0.429824561403509,0.929824561403509,-2.0701754385964914,0.09649122807017552,1.929824561403509,0.26315789473684204,-0.736842105263158,-0.07017543859649145
3,1.263157894736842,0.929824561403509,-0.07017543859649145,0.929824561403509,-1.5701754385964914,-0.07017543859649145,1.929824561403509,0.26315789473684204,-0.5701754385964914,0.040935672514619714
llm,1.2573099415204678,1.0350877192982455,0.20175438596491224,1.0350877192982457,-1.8538011695906436,-0.07602339181286559,1.9239766081871348,0.36842105263157876,-0.6315789473684212,-0.03898635477582868
