回答者,AC,BE,CO,HE,PO,SE,SD,ST,TR,UN
user,-1.105263157894737,0.2280701754385963,0.2280701754385963,0.8947368421052628,-1.605263157894737,1.3947368421052633,0.39473684210526283,-1.105263157894737,0.5614035087719298,0.5614035087719298
1,0.08771929824561386,1.9210526315789473,1.9210526315789473,1.0877192982456143,-2.245614035087719,-0.24561403508771917,0.7543859649122804,-1.5789473684210527,0.2543859649122808,-0.24561403508771917
2,-0.10526315789473673,2.06140350877193,1.5614035087719298,1.2280701754385968,-1.9385964912280702,-0.7719298245614037,1.2280701754385968,-1.1052631578947367,-0.2719298245614037,-0.10526315789473673
3,-0.01754385964912286,2.1491228070175437,1.6491228070175437,1.3157894736842106,-2.0175438596491233,-0.5175438596491229,0.9824561403508767,-1.0175438596491229,-0.01754385964912286,-0.4619883040935675
llm,-0.011695906432748574,2.043859649122807,1.7105263157894737,1.210526315789474,-2.0672514619883042,-0.5116959064327485,0.9883040935672512,-1.2339181286549707,-0.011695906432748574,-0.2709551656920078
