回答者,AC,BE,CO,HE,PO,SE,SD,ST,TR,UN
user,1.3157894736842106,1.3157894736842106,-0.5175438596491224,1.6491228070175445,-0.3508771929824559,0.14912280701754455,1.9824561403508776,0.9824561403508776,-0.5175438596491224,-1.350877192982456
1,2.4035087719298245,1.2368421052631584,-0.26315789473684204,1.7368421052631584,-1.2631578947368418,-1.0964912280701753,2.0701754385964914,0.07017543859649145,-0.26315789473684204,-0.7076023391812862
2,2.421052631578947,1.0877192982456139,-0.24561403508771962,1.7543859649122808,-1.2456140350877194,-0.5789473684210527,2.421052631578947,0.08771929824561386,-1.0789473684210529,-0.6900584795321638
3,2.140350877192982,0.9736842105263159,-0.026315789473684514,1.473684210526316,-1.192982456140351,-1.0263157894736845,2.140350877192982,0.4736842105263155,-0.5263157894736845,-0.5263157894736845
llm,2.3216374269005846,1.0994152046783627,-0.1783625730994154,1.6549707602339183,-1.2339181286549707,-0.9005847953216376,2.2105263157894735,0.2105263157894736,-0.6228070175438598,-0.6413255360623782
