回答者,AC,BE,CO,HE,PO,SE,SD,ST,TR,UN
user,-1.280701754385965,0.7192982456140351,1.885964912280702,0.3859649122807016,-1.9473684210526316,0.8859649122807021,1.385964912280702,-1.6140350877192982,-0.6140350877192984,0.3859649122807016
1,1.736842105263158,0.4035087719298245,-0.09649122807017552,1.403508771929825,-1.763157894736842,-0.763157894736842,2.403508771929825,1.070175438596491,-0.26315789473684204,-0.26315789473684204
2,1.6140350877192984,0.6140350877192979,0.11403508771929793,1.6140350877192984,-1.5526315789473686,-0.7192982456140351,2.6140350877192984,0.9473684210526314,-0.38596491228070207,-0.8304093567251463
3,1.2105263157894735,0.2105263157894739,0.3771929824561404,1.2105263157894735,-1.6228070175438596,-0.9561403508771931,2.5438596491228074,1.2105263157894735,-0.2894736842105261,-0.3450292397660819
llm,1.5204678362573099,0.40935672514619875,0.13157894736842093,1.409356725146199,-1.6461988304093567,-0.8128654970760234,2.52046783625731,1.0760233918128652,-0.3128654970760234,-0.4795321637426901
