回答者,AC,BE,CO,HE,PO,SE,SD,ST,TR,UN
user,0.7192982456140351,-0.7807017543859649,-0.2807017543859649,1.0526315789473681,0.7192982456140351,0.5526315789473686,2.719298245614035,1.0526315789473681,-0.9473684210526314,-1.1695906432748537
1,0.8421052631578947,0.3421052631578947,1.0087719298245617,-0.1578947368421053,-1.657894736842105,0.8421052631578947,1.8421052631578951,-1.157894736842105,-0.1578947368421053,-0.3801169590643272
2,0.7719298245614032,0.27192982456140324,1.4385964912280698,-0.22807017543859676,-1.56140350877193,0.9385964912280702,1.7719298245614037,-1.2280701754385965,-0.3947368421052633,-0.45029239766081863
3,0.7894736842105261,0.6228070175438596,0.7894736842105261,-0.2105263157894739,-1.3771929824561404,0.9561403508771931,1.6228070175438596,-0.8771929824561404,-0.5438596491228069,-0.32163742690058506
llm,0.8011695906432746,0.41228070175438586,1.0789473684210524,-0.19883040935672533,-1.5321637426900585,0.912280701754386,1.7456140350877194,-1.087719298245614,-0.3654970760233918,-0.3840155945419103
