回答者,AC,BE,CO,HE,PO,SE,SD,ST,TR,UN
user,0.5789473684210522,0.07894736842105265,0.07894736842105265,1.2456140350877192,-1.0877192982456143,-0.9210526315789473,1.5789473684210522,1.5789473684210522,0.07894736842105265,0.24561403508771917
1,2.298245614035088,0.6315789473684212,-0.20175438596491224,1.2982456140350882,-1.3684210526315788,-0.8684210526315788,2.298245614035088,1.2982456140350882,-1.2017543859649122,-0.03508771929824528
2,2.5964912280701755,0.763157894736842,-0.4035087719298249,0.9298245614035086,-1.5701754385964914,-1.2368421052631582,2.2631578947368416,1.5964912280701755,-1.2368421052631582,0.26315789473684204
3,2.403508771929825,1.070175438596491,-0.42982456140350855,1.403508771929825,-1.763157894736842,-1.0964912280701755,2.403508771929825,1.403508771929825,-1.263157894736842,0.07017543859649145
llm,2.432748538011696,0.8216374269005847,-0.3450292397660819,1.210526315789474,-1.5672514619883042,-1.0672514619883042,2.321637426900585,1.4327485380116964,-1.2339181286549707,0.09941520467836273
