回答者,AC,BE,CO,HE,PO,SE,SD,ST,TR,UN
user,1.2631578947368416,-0.9035087719298249,1.5964912280701755,1.9298245614035086,-2.9035087719298245,-0.736842105263158,1.7631578947368416,0.5964912280701755,-0.5701754385964914,1.2631578947368416
1,1.5087719298245617,1.0087719298245617,0.3421052631578947,1.5087719298245617,-1.6578947368421053,-1.1578947368421053,2.5087719298245617,0.8421052631578947,-0.9912280701754388,-0.26900584795321647
2,1.403508771929825,1.236842105263158,0.23684210526315796,1.736842105263158,-1.763157894736842,-1.263157894736842,2.236842105263158,0.736842105263158,-0.5964912280701755,-0.26315789473684204
3,1.7543859649122808,1.4210526315789478,0.42105263157894735,1.4210526315789478,-1.7456140350877192,-1.412280701754386,2.254385964912281,0.7543859649122808,-0.9122807017543857,-0.24561403508771917
llm,1.555555555555556,1.2222222222222225,0.3333333333333333,1.555555555555556,-1.722222222222222,-1.2777777777777777,2.3333333333333335,0.7777777777777778,-0.8333333333333334,-0.25925925925925924
