回答者,AC,BE,CO,HE,PO,SE,SD,ST,TR,UN
user,-0.22807017543859676,0.7719298245614032,0.9385964912280702,0.10526315789473628,-0.3947368421052633,0.27192982456140324,0.6052631578947363,-1.2280701754385968,0.27192982456140324,0.21637426900584789
1,-0.12280701754385959,1.710526315789474,-0.4561403508771926,1.210526315789474,-2.289473684210526,0.2105263157894739,1.8771929824561409,-0.4561403508771926,-0.2894736842105261,0.5438596491228069
2,-0.052631578947368585,1.4473684210526319,-0.052631578947368585,1.280701754385965,-2.219298245614035,0.11403508771929838,1.9473684210526319,-0.3859649122807016,-0.052631578947368585,0.16959064327485374
3,-0.07017543859649145,1.596491228070175,-0.07017543859649145,1.263157894736842,-2.236842105263158,0.26315789473684204,1.929824561403509,-0.736842105263158,-0.07017543859649145,0.15204678362573087
llm,-0.08187134502923987,1.5847953216374269,-0.1929824561403509,1.2514619883040936,-2.2485380116959064,0.1959064327485381,1.9181286549707606,-0.5263157894736841,-0.13742690058479537,0.28849902534113053
