回答者,AC,BE,CO,HE,PO,SE,SD,ST,TR,UN
user,-1.0350877192982453,1.4649122807017543,1.2982456140350882,-0.03508771929824572,-2.2017543859649122,-0.03508771929824572,1.2982456140350882,-1.0350877192982453,0.2982456140350882,0.742690058479532
1,-0.36842105263157876,1.4649122807017543,0.29824561403508776,0.6315789473684212,-1.701754385964912,-0.20175438596491224,1.7982456140350882,-0.7017543859649122,0.4649122807017547,-0.14619883040935644
2,0.5964912280701755,1.7631578947368425,-0.23684210526315796,0.5964912280701755,-1.7368421052631577,-0.570175438596491,1.5964912280701755,-0.4035087719298245,0.26315789473684204,0.15204678362573087
3,0.35087719298245634,1.5175438596491233,-0.3157894736842102,1.3508771929824563,-1.982456140350877,0.01754385964912286,1.6842105263157894,-0.9824561403508771,0.18421052631578982,0.23976608187134518
llm,0.19298245614035103,1.58187134502924,-0.0847953216374268,0.8596491228070177,-1.807017543859649,-0.25146198830409344,1.692982456140351,-0.6959064327485379,0.3040935672514622,0.08187134502923987
