回答者,AC,BE,CO,HE,PO,SE,SD,ST,TR,UN
user,0.47368421052631593,0.640350877192982,0.9736842105263159,0.47368421052631593,-0.02631578947368407,0.140350877192982,0.9736842105263159,-0.5263157894736845,-0.35964912280701755,-0.3040935672514622
1,0.14035087719298245,1.6403508771929824,-0.692982456140351,1.8070175438596494,-1.526315789473684,0.3070175438596494,1.3070175438596494,0.14035087719298245,-0.19298245614035103,0.029239766081871288
2,-0.2105263157894739,1.6228070175438596,-0.2105263157894739,1.7894736842105265,-1.8771929824561404,0.28947368421052655,1.7894736842105265,0.12280701754385959,-0.7105263157894739,0.12280701754385959
3,0.2280701754385963,1.7280701754385963,-0.6052631578947372,1.8947368421052633,-1.6052631578947372,0.2280701754385963,1.5614035087719293,0.2280701754385963,-0.2719298245614037,-0.21637426900584833
llm,0.052631578947368286,1.6637426900584795,-0.5029239766081873,1.8304093567251465,-1.669590643274854,0.27485380116959074,1.5526315789473684,0.16374269005847944,-0.3918128654970762,-0.02144249512670582
