回答者,AC,BE,CO,HE,PO,SE,SD,ST,TR,UN
user,-0.07017543859649145,-1.0701754385964912,2.429824561403509,1.263157894736842,-1.236842105263158,1.429824561403509,1.0964912280701755,-1.4035087719298247,0.09649122807017552,-0.8479532163742691
1,0.052631578947368585,1.0526315789473686,-0.9473684210526314,1.7192982456140355,-1.4473684210526314,-0.2807017543859649,2.0526315789473686,1.3859649122807016,-0.11403508771929793,-0.2807017543859649
2,0.19298245614035103,0.5263157894736845,-0.4736842105263155,2.192982456140351,-1.4736842105263157,0.026315789473684514,1.359649122807018,1.526315789473684,-0.14035087719298245,-0.2514619883040936
3,-0.29824561403508776,1.5350877192982457,-0.9649122807017543,1.7017543859649127,-1.4649122807017543,0.20175438596491224,1.3684210526315788,0.7017543859649122,-0.4649122807017543,0.14619883040935688
llm,-0.017543859649122712,1.038011695906433,-0.7953216374269004,1.8713450292397666,-1.461988304093567,-0.017543859649122712,1.5935672514619885,1.2046783625730992,-0.23976608187134488,-0.12865497076023388
