回答者,AC,BE,CO,HE,PO,SE,SD,ST,TR,UN
user,-0.7017543859649122,0.13157894736842124,-0.03508771929824528,0.9649122807017543,-0.8684210526315788,0.4649122807017547,1.7982456140350882,-0.36842105263157876,-0.36842105263157876,0.4093567251461989
1,0.6491228070175437,1.4824561403508767,-0.5175438596491229,2.6491228070175437,-1.1842105263157898,-0.8508771929824563,1.9824561403508767,1.3157894736842106,-0.6842105263157898,-0.5730994152046787
2,0.5087719298245612,1.0087719298245617,-0.4912280701754388,2.8421052631578947,-1.6578947368421053,-0.8245614035087718,2.1754385964912277,1.5087719298245617,-0.4912280701754388,-0.38011695906432763
3,0.7894736842105261,1.456140350877193,-0.7105263157894739,2.456140350877193,-1.3771929824561406,-0.8771929824561404,2.122807017543859,1.789473684210526,-0.5438596491228074,-0.6549707602339185
llm,0.6491228070175437,1.3157894736842104,-0.5730994152046786,2.649122807017544,-1.406432748538012,-0.8508771929824562,2.093567251461988,1.5380116959064327,-0.5730994152046787,-0.5360623781676416
