回答者,AC,BE,CO,HE,PO,SE,SD,ST,TR,UN
user,-1.5789473684210527,0.7543859649122804,1.2543859649122804,1.4210526315789473,-0.7456140350877192,0.42105263157894735,1.0877192982456143,-0.5789473684210527,-0.5789473684210527,-0.023391812865497297
1,0.807017543859649,0.14035087719298245,-0.35964912280701755,2.140350877192983,-1.026315789473684,0.6403508771929829,1.807017543859649,0.47368421052631593,-1.1929824561403506,0.029239766081871288
2,0.3859649122807016,0.3859649122807016,0.2192982456140351,2.719298245614035,-0.4473684210526314,0.052631578947368585,1.5526315789473681,0.3859649122807016,-1.1140350877192984,-0.5029239766081872
3,1.3508771929824563,-0.3157894736842106,-0.1491228070175441,2.6842105263157894,-0.1491228070175441,0.5175438596491229,1.3508771929824563,0.3508771929824559,-0.6491228070175441,-0.7602339181286553
llm,0.847953216374269,0.07017543859649115,-0.09649122807017552,2.5146198830409356,-0.5409356725146198,0.40350877192982476,1.5701754385964912,0.4035087719298245,-0.9853801169590644,-0.4113060428849904
