回答者,AC,BE,CO,HE,PO,SE,SD,ST,TR,UN
user,-1.2807017543859645,1.385964912280702,1.385964912280702,0.7192982456140351,-2.614035087719298,0.38596491228070207,0.05263157894736903,-1.614035087719298,0.8859649122807021,1.2748538011695913
1,-0.736842105263158,1.5964912280701755,0.429824561403509,1.2631578947368425,-1.7368421052631577,0.26315789473684204,1.9298245614035086,-0.070175438596491,-0.4035087719298245,-0.4035087719298245
2,-0.7192982456140351,1.780701754385965,0.11403508771929838,0.9473684210526319,-2.052631578947368,0.6140350877192979,1.614035087719298,-0.052631578947368585,-0.2192982456140351,-0.052631578947368585
3,-0.5964912280701755,1.4035087719298245,0.23684210526315796,1.0701754385964914,-1.9298245614035088,0.23684210526315796,1.7368421052631575,0.070175438596491,-0.26315789473684204,0.070175438596491
llm,-0.6842105263157895,1.5935672514619883,0.2602339181286551,1.0935672514619885,-1.9064327485380115,0.371345029239766,1.7602339181286546,-0.01754385964912286,-0.29532163742690054,-0.12865497076023402
