回答者,AC,BE,CO,HE,PO,SE,SD,ST,TR,UN
user,-0.26315789473684204,1.070175438596491,0.4035087719298245,1.736842105263158,-1.263157894736842,0.4035087719298245,0.5701754385964914,-1.5964912280701753,0.07017543859649145,0.2923976608187133
1,-0.5964912280701755,1.0701754385964914,0.070175438596491,1.7368421052631575,-2.0964912280701755,0.23684210526315796,1.4035087719298245,-0.26315789473684204,-0.429824561403509,0.7368421052631575
2,-0.6666666666666665,1.5000000000000004,0.0,1.6666666666666665,-2.1666666666666665,0.0,1.3333333333333335,0.0,-0.5,0.7777777777777781
3,-0.2105263157894739,1.4561403508771926,0.28947368421052655,0.7894736842105265,-2.2105263157894735,-0.04385964912280693,1.1228070175438596,-0.2105263157894739,-0.2105263157894739,0.9005847953216373
llm,-0.4912280701754386,1.342105263157895,0.11988304093567252,1.3976608187134503,-2.1578947368421053,0.06432748538011701,1.286549707602339,-0.1578947368421053,-0.38011695906432763,0.8050682261208576
