回答者,AC,BE,CO,HE,PO,SE,SD,ST,TR,UN
user,-1.473684210526316,-0.3070175438596494,1.026315789473684,0.8596491228070176,-1.473684210526316,0.1929824561403506,0.8596491228070176,-0.47368421052631593,0.6929824561403506,0.5263157894736841
1,-1.4210526315789473,0.9122807017543857,0.7456140350877196,2.2456140350877196,-1.9210526315789473,0.5789473684210527,0.7456140350877196,0.24561403508771917,0.24561403508771917,-0.08771929824561386
2,-1.4385964912280702,1.3947368421052628,0.7280701754385968,2.2280701754385968,-1.9385964912280702,0.5614035087719298,0.5614035087719298,-0.10526315789473673,0.3947368421052633,-0.21637426900584789
3,-1.4385964912280702,1.3947368421052628,0.7280701754385968,2.2280701754385968,-1.9385964912280702,0.2280701754385963,0.7280701754385968,0.2280701754385963,0.2280701754385963,-0.10526315789473673
llm,-1.4327485380116958,1.2339181286549705,0.7339181286549711,2.233918128654971,-1.9327485380116958,0.4561403508771929,0.6783625730994154,0.12280701754385959,0.28947368421052627,-0.1364522417153995
