回答者,AC,BE,CO,HE,PO,SE,SD,ST,TR,UN
user,-0.5964912280701751,0.4035087719298249,1.2368421052631584,1.0701754385964914,-0.42982456140350855,0.5701754385964914,0.23684210526315796,-0.26315789473684204,-0.42982456140350855,-0.15204678362573087
1,-1.0175438596491229,0.48245614035087714,0.9824561403508771,1.9824561403508771,-1.0175438596491229,0.8157894736842106,1.149122807017544,-0.6842105263157894,-0.18421052631578938,-0.5730994152046782
2,-0.9649122807017543,0.20175438596491224,1.2017543859649127,1.7017543859649127,-0.7982456140350878,0.8684210526315792,0.8684210526315792,-0.6315789473684208,0.03508771929824572,-0.6315789473684208
3,-0.7719298245614037,0.39473684210526283,0.5614035087719298,1.8947368421052633,-0.6052631578947372,1.2280701754385963,0.2280701754385963,-1.105263157894737,0.39473684210526283,-0.5497076023391814
llm,-0.9181286549707602,0.3596491228070174,0.9152046783625732,1.8596491228070178,-0.8070175438596493,0.9707602339181287,0.7485380116959065,-0.807017543859649,0.08187134502923972,-0.5847953216374268
