回答者,AC,BE,CO,HE,PO,SE,SD,ST,TR,UN
user,-1.0701754385964912,0.09649122807017552,0.429824561403509,1.263157894736842,-1.4035087719298245,0.429824561403509,0.5964912280701755,-1.0701754385964912,0.5964912280701755,0.5964912280701755
1,-1.0877192982456139,0.9122807017543857,0.7456140350877196,1.2456140350877196,-2.254385964912281,1.2456140350877196,1.7456140350877196,-0.7543859649122808,-0.42105263157894735,0.023391812865497297
2,-0.8947368421052628,1.1052631578947367,0.6052631578947372,1.4385964912280707,-1.894736842105263,0.9385964912280707,1.7719298245614037,-0.8947368421052628,-0.39473684210526283,-0.2280701754385963
3,-0.47368421052631593,0.8596491228070171,0.5263157894736841,1.192982456140351,-1.973684210526316,1.026315789473684,1.859649122807017,-0.47368421052631593,-0.6403508771929824,-0.029239766081871288
llm,-0.8187134502923975,0.9590643274853798,0.6257309941520469,1.2923976608187138,-2.0409356725146197,1.0701754385964914,1.7923976608187135,-0.7076023391812866,-0.4853801169590642,-0.07797270955165676
