回答者,AC,BE,CO,HE,PO,SE,SD,ST,TR,UN
user,-1.912280701754386,0.2543859649122808,1.2543859649122808,0.42105263157894735,-1.7456140350877192,1.0877192982456139,1.0877192982456139,-1.5789473684210524,0.08771929824561431,0.7543859649122808
1,-0.3508771929824559,1.3157894736842106,-0.01754385964912286,1.3157894736842106,-2.0175438596491224,0.3157894736842106,1.9824561403508776,-1.350877192982456,0.1491228070175441,0.20467836257309946
2,-0.2807017543859649,1.3859649122807016,0.05263157894736814,1.7192982456140347,-1.9473684210526316,0.2192982456140351,2.0526315789473686,-0.9473684210526319,-0.2807017543859649,0.05263157894736814
3,-0.49122807017543835,1.6754385964912282,0.6754385964912282,1.1754385964912282,-1.9912280701754386,0.17543859649122817,1.8421052631578951,-1.1578947368421053,-0.1578947368421053,-0.04678362573099415
llm,-0.37426900584795303,1.45906432748538,0.23684210526315783,1.4035087719298245,-1.9853801169590641,0.23684210526315796,1.9590643274853807,-1.152046783625731,-0.09649122807017536,0.07017543859649115
