回答者,AC,BE,CO,HE,PO,SE,SD,ST,TR,UN
user,1.280701754385965,0.2807017543859649,0.44736842105263097,0.947368421052631,-0.8859649122807021,0.11403508771929793,0.7807017543859649,-0.05263157894736903,0.2807017543859649,0.058479532163742576
1,0.5964912280701755,-0.23684210526315796,-0.07017543859649145,2.596491228070175,-0.9035087719298247,0.26315789473684204,1.929824561403509,-0.4035087719298245,-0.5701754385964914,-0.2923976608187133
2,0.9649122807017543,-0.36842105263157876,0.29824561403508776,2.631578947368421,-0.868421052631579,-0.03508771929824572,2.2982456140350878,-0.36842105263157876,-0.7017543859649122,-0.5906432748538011
3,0.807017543859649,0.30701754385964897,0.14035087719298245,2.1403508771929824,-0.8596491228070176,0.14035087719298245,2.1403508771929824,0.14035087719298245,-1.0263157894736843,-0.6374269005847952
llm,0.7894736842105262,-0.09941520467836258,0.12280701754385959,2.456140350877193,-0.8771929824561404,0.12280701754385959,2.1228070175438596,-0.2105263157894736,-0.7660818713450294,-0.5068226120857698
