回答者,AC,BE,CO,HE,PO,SE,SD,ST,TR,UN
user,-0.5964912280701755,1.4035087719298245,0.7368421052631575,1.0701754385964914,-1.929824561403509,0.4035087719298245,0.9035087719298245,-0.929824561403509,0.4035087719298245,0.4035087719298245
1,-0.7894736842105265,1.543859649122807,0.3771929824561404,1.87719298245614,-2.1228070175438596,0.87719298245614,0.87719298245614,-0.12280701754385959,0.3771929824561404,-0.45614035087719307
2,-0.10526315789473673,1.7280701754385968,-0.2719298245614037,1.8947368421052628,-2.105263157894737,0.7280701754385968,1.5614035087719298,-0.10526315789473673,-0.10526315789473673,-0.4385964912280702
3,-0.6842105263157894,1.8157894736842106,0.4824561403508776,1.9824561403508776,-2.5175438596491224,0.6491228070175437,1.4824561403508776,-0.01754385964912286,-0.18421052631578938,-0.3508771929824559
llm,-0.5263157894736842,1.6959064327485383,0.1959064327485381,1.9181286549707603,-2.2485380116959064,0.7514619883040935,1.3070175438596492,-0.08187134502923972,0.029239766081871437,-0.4152046783625731
