回答者,AC,BE,CO,HE,PO,SE,SD,ST,TR,UN
user,-1.1929824561403508,0.30701754385964897,0.807017543859649,-0.19298245614035103,-1.0263157894736843,0.807017543859649,0.47368421052631593,-0.8596491228070176,0.6403508771929824,0.36257309941520477
1,-0.052631578947368585,1.614035087719298,0.44736842105263186,-0.052631578947368585,-1.719298245614035,0.2807017543859649,0.9473684210526319,-0.052631578947368585,-0.3859649122807016,0.5029239766081872
2,-0.10526315789473717,1.7280701754385963,0.3947368421052633,-0.7719298245614037,-1.9385964912280704,0.2280701754385963,1.0614035087719293,-0.10526315789473717,-0.2719298245614037,0.7836257309941517
3,-0.21052631578947345,1.456140350877193,0.62280701754386,-0.21052631578947345,-1.8771929824561402,0.28947368421052655,1.12280701754386,0.12280701754385959,-0.21052631578947345,0.3450292397660819
llm,-0.12280701754385974,1.5994152046783625,0.48830409356725174,-0.3450292397660819,-1.845029239766082,0.26608187134502925,1.0438596491228072,-0.011695906432748723,-0.28947368421052627,0.5438596491228069
