回答者,AC,BE,CO,HE,PO,SE,SD,ST,TR,UN
user,-1.0350877192982453,0.6315789473684212,1.1315789473684212,1.2982456140350882,-2.701754385964912,-0.36842105263157876,1.6315789473684212,0.6315789473684212,0.4649122807017543,0.6315789473684212
1,0.08771929824561386,0.7543859649122804,0.2543859649122808,2.4210526315789473,-2.0789473684210527,-0.41228070175438614,1.9210526315789473,1.0877192982456143,-0.5789473684210527,0.08771929824561386
2,0.1578947368421053,0.8245614035087718,0.6578947368421058,2.1578947368421058,-2.008771929824561,-1.0087719298245612,2.1578947368421058,0.4912280701754388,-0.6754385964912277,0.26900584795321647
3,0.05263157894736814,0.8859649122807016,0.5526315789473686,2.0526315789473686,-2.1140350877192984,-0.6140350877192984,2.3859649122807016,0.3859649122807016,-0.9473684210526319,0.27485380116959046
llm,0.09941520467836244,0.8216374269005846,0.48830409356725174,2.210526315789474,-2.0672514619883042,-0.6783625730994153,2.1549707602339185,0.6549707602339182,-0.7339181286549707,0.2105263157894736
