回答者,AC,BE,CO,HE,PO,SE,SD,ST,TR,UN
user,0.7543859649122804,-0.07894736842105265,0.9210526315789473,1.4210526315789473,-0.5789473684210527,-0.24561403508771917,1.4210526315789473,0.42105263157894735,0.08771929824561386,-0.6900584795321638
1,-0.5438596491228069,1.456140350877193,-0.21052631578947345,1.12280701754386,-1.543859649122807,-0.3771929824561404,2.12280701754386,0.45614035087719307,-0.8771929824561404,0.45614035087719307
2,-0.6315789473684212,1.2017543859649118,-0.29824561403508776,1.7017543859649118,-1.6315789473684212,-0.29824561403508776,2.0350877192982457,1.0350877192982457,-0.7982456140350878,0.36842105263157876
3,-0.4561403508771926,1.3771929824561409,-0.6228070175438596,0.8771929824561409,-1.789473684210526,0.37719298245614086,1.8771929824561409,0.2105263157894739,-0.12280701754385959,0.3216374269005846
llm,-0.5438596491228069,1.345029239766082,-0.37719298245614025,1.233918128654971,-1.654970760233918,-0.09941520467836244,2.011695906432749,0.5672514619883042,-0.5994152046783626,0.38206627680311883
