回答者,AC,BE,CO,HE,PO,SE,SD,ST,TR,UN
user,-1.5789473684210524,-0.4122807017543857,0.42105263157894735,1.4210526315789478,-1.412280701754386,1.5877192982456139,0.5877192982456143,-1.2456140350877192,0.7543859649122808,0.5321637426900585
1,-0.052631578947368585,1.114035087719298,0.9473684210526319,0.9473684210526319,-2.052631578947368,-0.3859649122807016,1.280701754385965,-0.3859649122807016,-0.5526315789473686,0.8362573099415203
2,-0.26315789473684204,1.0701754385964914,1.7368421052631584,1.0701754385964914,-2.4298245614035086,-0.42982456140350855,1.4035087719298245,-0.26315789473684204,-0.5964912280701751,0.6257309941520468
3,-0.052631578947368585,0.7807017543859649,1.114035087719298,1.280701754385965,-2.219298245614035,-0.3859649122807016,1.4473684210526319,0.6140350877192979,-0.5526315789473686,0.5029239766081872
llm,-0.12280701754385974,0.9883040935672515,1.2660818713450295,1.0994152046783627,-2.2339181286549707,-0.40058479532163727,1.3771929824561404,-0.011695906432748574,-0.5672514619883041,0.6549707602339181
