回答者,AC,BE,CO,HE,PO,SE,SD,ST,TR,UN
user,-0.666666666666667,0.33333333333333304,0.5,1.9999999999999996,0.6666666666666665,1.6666666666666665,0.8333333333333335,-2.0,0.5,-1.6666666666666667
1,0.3859649122807016,1.5526315789473681,-0.6140350877192984,2.719298245614035,-1.1140350877192984,-0.9473684210526314,1.719298245614035,1.0526315789473681,-0.4473684210526314,-0.39181286549707606
2,0.4736842105263155,1.140350877192982,-0.5263157894736845,2.473684210526316,-1.0263157894736845,-0.35964912280701755,1.640350877192982,1.140350877192982,-0.35964912280701755,-0.6374269005847957
3,0.42105263157894735,1.2543859649122808,-0.4122807017543857,2.754385964912281,-1.2456140350877192,-0.7456140350877192,1.5877192982456139,1.0877192982456139,-0.5789473684210527,-0.24561403508771917
llm,0.4269005847953215,1.3157894736842104,-0.5175438596491229,2.649122807017544,-1.128654970760234,-0.6842105263157894,1.6491228070175437,1.093567251461988,-0.4619883040935672,-0.4249512670565303
