回答者,AC,BE,CO,HE,PO,SE,SD,ST,TR,UN
user,-0.8421052631578951,0.9912280701754383,0.9912280701754383,1.1578947368421053,-1.5087719298245617,-0.3421052631578947,0.9912280701754383,-0.5087719298245617,0.3245614035087714,0.6023391812865491
1,0.8070175438596494,2.1403508771929824,0.3070175438596494,0.8070175438596494,-1.8596491228070176,-0.692982456140351,1.6403508771929824,0.4736842105263155,-1.026315789473684,0.25146198830409316
2,1.4385964912280698,1.7719298245614037,-0.22807017543859676,0.7719298245614037,-1.7280701754385968,-1.0614035087719298,1.6052631578947367,1.4385964912280698,-1.0614035087719298,0.5497076023391814
3,0.8771929824561409,1.8771929824561409,-0.12280701754385959,0.8771929824561409,-1.6228070175438596,-0.7894736842105261,1.710526315789474,0.8771929824561409,-0.9561403508771926,0.3216374269005846
llm,1.04093567251462,1.9298245614035092,-0.014619883040935644,0.818713450292398,-1.7368421052631582,-0.847953216374269,1.652046783625731,0.9298245614035087,-1.0146198830409354,0.37426900584795303
